scan,motion_type,motion_label,severity,repeat,metric,algorithm_pair,color,value
real_brain,slow_drift,Slow drift,low,1,SSIM,Type-2 NUFFT vs. Image-based,#CC6677,0.9852694352177171
real_brain,slow_drift,Slow drift,low,2,SSIM,Type-2 NUFFT vs. Image-based,#CC6677,0.9883417772147236
real_brain,slow_drift,Slow drift,low,3,SSIM,Type-2 NUFFT vs. Image-based,#CC6677,0.9882048228604691
real_brain,slow_drift,Slow drift,low,4,SSIM,Type-2 NUFFT vs. Image-based,#CC6677,0.9828132034811002
real_brain,slow_drift,Slow drift,low,5,SSIM,Type-2 NUFFT vs. Image-based,#CC6677,0.9875912039744449
real_brain,slow_drift,Slow drift,low,6,SSIM,Type-2 NUFFT vs. Image-based,#CC6677,0.9848737271591569
real_brain,slow_drift,Slow drift,low,7,SSIM,Type-2 NUFFT vs. Image-based,#CC6677,0.9878756565947736
real_brain,slow_drift,Slow drift,low,8,SSIM,Type-2 NUFFT vs. Image-based,#CC6677,0.983339259451152
real_brain,slow_drift,Slow drift,low,9,SSIM,Type-2 NUFFT vs. Image-based,#CC6677,0.9821219955577467
real_brain,slow_drift,Slow drift,low,10,SSIM,Type-2 NUFFT vs. Image-based,#CC6677,0.9884604105891909
real_brain,slow_drift,Slow drift,low,11,SSIM,Type-2 NUFFT vs. Image-based,#CC6677,0.9858254874421759
real_brain,slow_drift,Slow drift,low,12,SSIM,Type-2 NUFFT vs. Image-based,#CC6677,0.9834481571194578
real_brain,slow_drift,Slow drift,low,13,SSIM,Type-2 NUFFT vs. Image-based,#CC6677,0.9875554692791672
real_brain,slow_drift,Slow drift,low,14,SSIM,Type-2 NUFFT vs. Image-based,#CC6677,0.980301127057239
real_brain,slow_drift,Slow drift,low,15,SSIM,Type-2 NUFFT vs. Image-based,#CC6677,0.9845111582119798
real_brain,slow_drift,Slow drift,low,16,SSIM,Type-2 NUFFT vs. Image-based,#CC6677,0.9863972847953333
real_brain,slow_drift,Slow drift,low,17,SSIM,Type-2 NUFFT vs. Image-based,#CC6677,0.9865941611309853
real_brain,slow_drift,Slow drift,low,18,SSIM,Type-2 NUFFT vs. Image-based,#CC6677,0.9841311656221327
real_brain,slow_drift,Slow drift,low,19,SSIM,Type-2 NUFFT vs. Image-based,#CC6677,0.9840242479166789
real_brain,slow_drift,Slow drift,low,20,SSIM,Type-2 NUFFT vs. Image-based,#CC6677,0.9875155079159237
real_brain,slow_drift,Slow drift,low,1,SSIM,Type-1 NUFFT vs. Image-based,#DDCC77,0.9849703204943779
real_brain,slow_drift,Slow drift,low,2,SSIM,Type-1 NUFFT vs. Image-based,#DDCC77,0.9880840542148397
real_brain,slow_drift,Slow drift,low,3,SSIM,Type-1 NUFFT vs. Image-based,#DDCC77,0.9879801887070756
real_brain,slow_drift,Slow drift,low,4,SSIM,Type-1 NUFFT vs. Image-based,#DDCC77,0.9821966405186405
real_brain,slow_drift,Slow drift,low,5,SSIM,Type-1 NUFFT vs. Image-based,#DDCC77,0.9872039899641384
real_brain,slow_drift,Slow drift,low,6,SSIM,Type-1 NUFFT vs. Image-based,#DDCC77,0.9841948777509477
real_brain,slow_drift,Slow drift,low,7,SSIM,Type-1 NUFFT vs. Image-based,#DDCC77,0.9876317975583403
real_brain,slow_drift,Slow drift,low,8,SSIM,Type-1 NUFFT vs. Image-based,#DDCC77,0.9830496561445085
real_brain,slow_drift,Slow drift,low,9,SSIM,Type-1 NUFFT vs. Image-based,#DDCC77,0.9818573592666844
real_brain,slow_drift,Slow drift,low,10,SSIM,Type-1 NUFFT vs. Image-based,#DDCC77,0.9879175603255659
real_brain,slow_drift,Slow drift,low,11,SSIM,Type-1 NUFFT vs. Image-based,#DDCC77,0.9857285989357467
real_brain,slow_drift,Slow drift,low,12,SSIM,Type-1 NUFFT vs. Image-based,#DDCC77,0.9825666676756676
real_brain,slow_drift,Slow drift,low,13,SSIM,Type-1 NUFFT vs. Image-based,#DDCC77,0.987272389104187
real_brain,slow_drift,Slow drift,low,14,SSIM,Type-1 NUFFT vs. Image-based,#DDCC77,0.9795762390222825
real_brain,slow_drift,Slow drift,low,15,SSIM,Type-1 NUFFT vs. Image-based,#DDCC77,0.9841862582701808
real_brain,slow_drift,Slow drift,low,16,SSIM,Type-1 NUFFT vs. Image-based,#DDCC77,0.9860086462443469
real_brain,slow_drift,Slow drift,low,17,SSIM,Type-1 NUFFT vs. Image-based,#DDCC77,0.9860321372544073
real_brain,slow_drift,Slow drift,low,18,SSIM,Type-1 NUFFT vs. Image-based,#DDCC77,0.9837152094171377
real_brain,slow_drift,Slow drift,low,19,SSIM,Type-1 NUFFT vs. Image-based,#DDCC77,0.9838076828664959
real_brain,slow_drift,Slow drift,low,20,SSIM,Type-1 NUFFT vs. Image-based,#DDCC77,0.9872413721783305
real_brain,slow_drift,Slow drift,low,1,SSIM,Type-1 NUFFT vs. Type-2 NUFFT,#807dba,0.999540581822112
real_brain,slow_drift,Slow drift,low,2,SSIM,Type-1 NUFFT vs. Type-2 NUFFT,#807dba,0.9995261148351231
real_brain,slow_drift,Slow drift,low,3,SSIM,Type-1 NUFFT vs. Type-2 NUFFT,#807dba,0.9997313824041889
real_brain,slow_drift,Slow drift,low,4,SSIM,Type-1 NUFFT vs. Type-2 NUFFT,#807dba,0.9994370624172083
real_brain,slow_drift,Slow drift,low,5,SSIM,Type-1 NUFFT vs. Type-2 NUFFT,#807dba,0.9996900240285499
real_brain,slow_drift,Slow drift,low,6,SSIM,Type-1 NUFFT vs. Type-2 NUFFT,#807dba,0.9993806985732503
real_brain,slow_drift,Slow drift,low,7,SSIM,Type-1 NUFFT vs. Type-2 NUFFT,#807dba,0.9996106041942097
real_brain,slow_drift,Slow drift,low,8,SSIM,Type-1 NUFFT vs. Type-2 NUFFT,#807dba,0.9996409926032521
real_brain,slow_drift,Slow drift,low,9,SSIM,Type-1 NUFFT vs. Type-2 NUFFT,#807dba,0.999609775194737
real_brain,slow_drift,Slow drift,low,10,SSIM,Type-1 NUFFT vs. Type-2 NUFFT,#807dba,0.9994648676461988
real_brain,slow_drift,Slow drift,low,11,SSIM,Type-1 NUFFT vs. Type-2 NUFFT,#807dba,0.9997179720537259
real_brain,slow_drift,Slow drift,low,12,SSIM,Type-1 NUFFT vs. Type-2 NUFFT,#807dba,0.999315107071485
real_brain,slow_drift,Slow drift,low,13,SSIM,Type-1 NUFFT vs. Type-2 NUFFT,#807dba,0.9995514729268349
real_brain,slow_drift,Slow drift,low,14,SSIM,Type-1 NUFFT vs. Type-2 NUFFT,#807dba,0.9994277747749667
real_brain,slow_drift,Slow drift,low,15,SSIM,Type-1 NUFFT vs. Type-2 NUFFT,#807dba,0.9994654276220994
real_brain,slow_drift,Slow drift,low,16,SSIM,Type-1 NUFFT vs. Type-2 NUFFT,#807dba,0.9995339289493351
real_brain,slow_drift,Slow drift,low,17,SSIM,Type-1 NUFFT vs. Type-2 NUFFT,#807dba,0.9994942794329663
real_brain,slow_drift,Slow drift,low,18,SSIM,Type-1 NUFFT vs. Type-2 NUFFT,#807dba,0.9995142293290605
real_brain,slow_drift,Slow drift,low,19,SSIM,Type-1 NUFFT vs. Type-2 NUFFT,#807dba,0.999644236240414
real_brain,slow_drift,Slow drift,low,20,SSIM,Type-1 NUFFT vs. Type-2 NUFFT,#807dba,0.9995011086851161
real_brain,slow_drift,Slow drift,low,1,RMSD,Type-2 NUFFT vs. Image-based,#CC6677,0.027972978964798407
real_brain,slow_drift,Slow drift,low,2,RMSD,Type-2 NUFFT vs. Image-based,#CC6677,0.02729041451287048
real_brain,slow_drift,Slow drift,low,3,RMSD,Type-2 NUFFT vs. Image-based,#CC6677,0.022416780376513613
real_brain,slow_drift,Slow drift,low,4,RMSD,Type-2 NUFFT vs. Image-based,#CC6677,0.03077762642103351
real_brain,slow_drift,Slow drift,low,5,RMSD,Type-2 NUFFT vs. Image-based,#CC6677,0.02414719900264003
real_brain,slow_drift,Slow drift,low,6,RMSD,Type-2 NUFFT vs. Image-based,#CC6677,0.029608074058394298
real_brain,slow_drift,Slow drift,low,7,RMSD,Type-2 NUFFT vs. Image-based,#CC6677,0.021488593840673455
real_brain,slow_drift,Slow drift,low,8,RMSD,Type-2 NUFFT vs. Image-based,#CC6677,0.029857822225851063
real_brain,slow_drift,Slow drift,low,9,RMSD,Type-2 NUFFT vs. Image-based,#CC6677,0.03322297927099087
real_brain,slow_drift,Slow drift,low,10,RMSD,Type-2 NUFFT vs. Image-based,#CC6677,0.024645772164210836
real_brain,slow_drift,Slow drift,low,11,RMSD,Type-2 NUFFT vs. Image-based,#CC6677,0.027667876405074714
real_brain,slow_drift,Slow drift,low,12,RMSD,Type-2 NUFFT vs. Image-based,#CC6677,0.027267414435911307
real_brain,slow_drift,Slow drift,low,13,RMSD,Type-2 NUFFT vs. Image-based,#CC6677,0.023855752328127106
real_brain,slow_drift,Slow drift,low,14,RMSD,Type-2 NUFFT vs. Image-based,#CC6677,0.03363790129976412
real_brain,slow_drift,Slow drift,low,15,RMSD,Type-2 NUFFT vs. Image-based,#CC6677,0.029575644282488843
real_brain,slow_drift,Slow drift,low,16,RMSD,Type-2 NUFFT vs. Image-based,#CC6677,0.027092165000594966
real_brain,slow_drift,Slow drift,low,17,RMSD,Type-2 NUFFT vs. Image-based,#CC6677,0.026220949421556856
real_brain,slow_drift,Slow drift,low,18,RMSD,Type-2 NUFFT vs. Image-based,#CC6677,0.028642864761586676
real_brain,slow_drift,Slow drift,low,19,RMSD,Type-2 NUFFT vs. Image-based,#CC6677,0.028558147210566966
real_brain,slow_drift,Slow drift,low,20,RMSD,Type-2 NUFFT vs. Image-based,#CC6677,0.02417637513691213
real_brain,slow_drift,Slow drift,low,1,RMSD,Type-1 NUFFT vs. Image-based,#DDCC77,0.02797303375449909
real_brain,slow_drift,Slow drift,low,2,RMSD,Type-1 NUFFT vs. Image-based,#DDCC77,0.027358663351746408
real_brain,slow_drift,Slow drift,low,3,RMSD,Type-1 NUFFT vs. Image-based,#DDCC77,0.02253451754010345
real_brain,slow_drift,Slow drift,low,4,RMSD,Type-1 NUFFT vs. Image-based,#DDCC77,0.03088560844256457
real_brain,slow_drift,Slow drift,low,5,RMSD,Type-1 NUFFT vs. Image-based,#DDCC77,0.024279731453377605
real_brain,slow_drift,Slow drift,low,6,RMSD,Type-1 NUFFT vs. Image-based,#DDCC77,0.029763994498127732
real_brain,slow_drift,Slow drift,low,7,RMSD,Type-1 NUFFT vs. Image-based,#DDCC77,0.021513369556183323
real_brain,slow_drift,Slow drift,low,8,RMSD,Type-1 NUFFT vs. Image-based,#DDCC77,0.029882947215465232
real_brain,slow_drift,Slow drift,low,9,RMSD,Type-1 NUFFT vs. Image-based,#DDCC77,0.03331391927029237
real_brain,slow_drift,Slow drift,low,10,RMSD,Type-1 NUFFT vs. Image-based,#DDCC77,0.02478124563620007
real_brain,slow_drift,Slow drift,low,11,RMSD,Type-1 NUFFT vs. Image-based,#DDCC77,0.027680306897432654
real_brain,slow_drift,Slow drift,low,12,RMSD,Type-1 NUFFT vs. Image-based,#DDCC77,0.027427056996606622
real_brain,slow_drift,Slow drift,low,13,RMSD,Type-1 NUFFT vs. Image-based,#DDCC77,0.023944735387259147
real_brain,slow_drift,Slow drift,low,14,RMSD,Type-1 NUFFT vs. Image-based,#DDCC77,0.033729556179441886
real_brain,slow_drift,Slow drift,low,15,RMSD,Type-1 NUFFT vs. Image-based,#DDCC77,0.02961959563065829
real_brain,slow_drift,Slow drift,low,16,RMSD,Type-1 NUFFT vs. Image-based,#DDCC77,0.027225100517539267
real_brain,slow_drift,Slow drift,low,17,RMSD,Type-1 NUFFT vs. Image-based,#DDCC77,0.026326202013603844
real_brain,slow_drift,Slow drift,low,18,RMSD,Type-1 NUFFT vs. Image-based,#DDCC77,0.028676998097361725
real_brain,slow_drift,Slow drift,low,19,RMSD,Type-1 NUFFT vs. Image-based,#DDCC77,0.028573156956553904
real_brain,slow_drift,Slow drift,low,20,RMSD,Type-1 NUFFT vs. Image-based,#DDCC77,0.02421414825980993
real_brain,slow_drift,Slow drift,low,1,RMSD,Type-1 NUFFT vs. Type-2 NUFFT,#807dba,0.0025386514680018645
real_brain,slow_drift,Slow drift,low,2,RMSD,Type-1 NUFFT vs. Type-2 NUFFT,#807dba,0.0027557758510661523
real_brain,slow_drift,Slow drift,low,3,RMSD,Type-1 NUFFT vs. Type-2 NUFFT,#807dba,0.0017303516306362671
real_brain,slow_drift,Slow drift,low,4,RMSD,Type-1 NUFFT vs. Type-2 NUFFT,#807dba,0.002820737306360903
real_brain,slow_drift,Slow drift,low,5,RMSD,Type-1 NUFFT vs. Type-2 NUFFT,#807dba,0.0021831123907987047
real_brain,slow_drift,Slow drift,low,6,RMSD,Type-1 NUFFT vs. Type-2 NUFFT,#807dba,0.0034703226011803365
real_brain,slow_drift,Slow drift,low,7,RMSD,Type-1 NUFFT vs. Type-2 NUFFT,#807dba,0.0021449619664762527
real_brain,slow_drift,Slow drift,low,8,RMSD,Type-1 NUFFT vs. Type-2 NUFFT,#807dba,0.0022101483273778188
real_brain,slow_drift,Slow drift,low,9,RMSD,Type-1 NUFFT vs. Type-2 NUFFT,#807dba,0.002374116462574445
real_brain,slow_drift,Slow drift,low,10,RMSD,Type-1 NUFFT vs. Type-2 NUFFT,#807dba,0.0029589646790076237
real_brain,slow_drift,Slow drift,low,11,RMSD,Type-1 NUFFT vs. Type-2 NUFFT,#807dba,0.002036599940173441
real_brain,slow_drift,Slow drift,low,12,RMSD,Type-1 NUFFT vs. Type-2 NUFFT,#807dba,0.0034811961593330864
real_brain,slow_drift,Slow drift,low,13,RMSD,Type-1 NUFFT vs. Type-2 NUFFT,#807dba,0.0027746930752894565
real_brain,slow_drift,Slow drift,low,14,RMSD,Type-1 NUFFT vs. Type-2 NUFFT,#807dba,0.0028238844900144297
real_brain,slow_drift,Slow drift,low,15,RMSD,Type-1 NUFFT vs. Type-2 NUFFT,#807dba,0.002825099252958094
real_brain,slow_drift,Slow drift,low,16,RMSD,Type-1 NUFFT vs. Type-2 NUFFT,#807dba,0.002729174920465107
real_brain,slow_drift,Slow drift,low,17,RMSD,Type-1 NUFFT vs. Type-2 NUFFT,#807dba,0.0025290789822523902
real_brain,slow_drift,Slow drift,low,18,RMSD,Type-1 NUFFT vs. Type-2 NUFFT,#807dba,0.002778961615294242
real_brain,slow_drift,Slow drift,low,19,RMSD,Type-1 NUFFT vs. Type-2 NUFFT,#807dba,0.002292441357666658
real_brain,slow_drift,Slow drift,low,20,RMSD,Type-1 NUFFT vs. Type-2 NUFFT,#807dba,0.002821406961547801
real_brain,slow_drift,Slow drift,medium,1,SSIM,Type-2 NUFFT vs. Image-based,#CC6677,0.9837950163206017
real_brain,slow_drift,Slow drift,medium,2,SSIM,Type-2 NUFFT vs. Image-based,#CC6677,0.9831434185937443
real_brain,slow_drift,Slow drift,medium,3,SSIM,Type-2 NUFFT vs. Image-based,#CC6677,0.9843736845767285
real_brain,slow_drift,Slow drift,medium,4,SSIM,Type-2 NUFFT vs. Image-based,#CC6677,0.9812083055329823
real_brain,slow_drift,Slow drift,medium,5,SSIM,Type-2 NUFFT vs. Image-based,#CC6677,0.9826011318352913
real_brain,slow_drift,Slow drift,medium,6,SSIM,Type-2 NUFFT vs. Image-based,#CC6677,0.9815673122313632
real_brain,slow_drift,Slow drift,medium,7,SSIM,Type-2 NUFFT vs. Image-based,#CC6677,0.9822097408432903
real_brain,slow_drift,Slow drift,medium,8,SSIM,Type-2 NUFFT vs. Image-based,#CC6677,0.9850229861114358
real_brain,slow_drift,Slow drift,medium,9,SSIM,Type-2 NUFFT vs. Image-based,#CC6677,0.9812154260694962
real_brain,slow_drift,Slow drift,medium,10,SSIM,Type-2 NUFFT vs. Image-based,#CC6677,0.9815578562536462
real_brain,slow_drift,Slow drift,medium,11,SSIM,Type-2 NUFFT vs. Image-based,#CC6677,0.9829347662108576
real_brain,slow_drift,Slow drift,medium,12,SSIM,Type-2 NUFFT vs. Image-based,#CC6677,0.9822780708828304
real_brain,slow_drift,Slow drift,medium,13,SSIM,Type-2 NUFFT vs. Image-based,#CC6677,0.9840449111393085
real_brain,slow_drift,Slow drift,medium,14,SSIM,Type-2 NUFFT vs. Image-based,#CC6677,0.9835674102502003
real_brain,slow_drift,Slow drift,medium,15,SSIM,Type-2 NUFFT vs. Image-based,#CC6677,0.9826552493286327
real_brain,slow_drift,Slow drift,medium,16,SSIM,Type-2 NUFFT vs. Image-based,#CC6677,0.9806022269055575
real_brain,slow_drift,Slow drift,medium,17,SSIM,Type-2 NUFFT vs. Image-based,#CC6677,0.9816084595171466
real_brain,slow_drift,Slow drift,medium,18,SSIM,Type-2 NUFFT vs. Image-based,#CC6677,0.9819793248399682
real_brain,slow_drift,Slow drift,medium,19,SSIM,Type-2 NUFFT vs. Image-based,#CC6677,0.9799245459885898
real_brain,slow_drift,Slow drift,medium,20,SSIM,Type-2 NUFFT vs. Image-based,#CC6677,0.9798906534235955
real_brain,slow_drift,Slow drift,medium,1,SSIM,Type-1 NUFFT vs. Image-based,#DDCC77,0.9793453779668853
real_brain,slow_drift,Slow drift,medium,2,SSIM,Type-1 NUFFT vs. Image-based,#DDCC77,0.9789035547649324
real_brain,slow_drift,Slow drift,medium,3,SSIM,Type-1 NUFFT vs. Image-based,#DDCC77,0.9826373200735703
real_brain,slow_drift,Slow drift,medium,4,SSIM,Type-1 NUFFT vs. Image-based,#DDCC77,0.9713793508690199
real_brain,slow_drift,Slow drift,medium,5,SSIM,Type-1 NUFFT vs. Image-based,#DDCC77,0.9779051933943119
real_brain,slow_drift,Slow drift,medium,6,SSIM,Type-1 NUFFT vs. Image-based,#DDCC77,0.9702560269011393
real_brain,slow_drift,Slow drift,medium,7,SSIM,Type-1 NUFFT vs. Image-based,#DDCC77,0.9791775853358128
real_brain,slow_drift,Slow drift,medium,8,SSIM,Type-1 NUFFT vs. Image-based,#DDCC77,0.982022703108856
real_brain,slow_drift,Slow drift,medium,9,SSIM,Type-1 NUFFT vs. Image-based,#DDCC77,0.9768756556392276
real_brain,slow_drift,Slow drift,medium,10,SSIM,Type-1 NUFFT vs. Image-based,#DDCC77,0.9741131728452846
real_brain,slow_drift,Slow drift,medium,11,SSIM,Type-1 NUFFT vs. Image-based,#DDCC77,0.9802826525637723
real_brain,slow_drift,Slow drift,medium,12,SSIM,Type-1 NUFFT vs. Image-based,#DDCC77,0.9687403296181999
real_brain,slow_drift,Slow drift,medium,13,SSIM,Type-1 NUFFT vs. Image-based,#DDCC77,0.9789109570578642
real_brain,slow_drift,Slow drift,medium,14,SSIM,Type-1 NUFFT vs. Image-based,#DDCC77,0.9745953111322868
real_brain,slow_drift,Slow drift,medium,15,SSIM,Type-1 NUFFT vs. Image-based,#DDCC77,0.9772568626059092
real_brain,slow_drift,Slow drift,medium,16,SSIM,Type-1 NUFFT vs. Image-based,#DDCC77,0.9755391063551779
real_brain,slow_drift,Slow drift,medium,17,SSIM,Type-1 NUFFT vs. Image-based,#DDCC77,0.9749158574281545
real_brain,slow_drift,Slow drift,medium,18,SSIM,Type-1 NUFFT vs. Image-based,#DDCC77,0.975153687532101
real_brain,slow_drift,Slow drift,medium,19,SSIM,Type-1 NUFFT vs. Image-based,#DDCC77,0.9758171113751887
real_brain,slow_drift,Slow drift,medium,20,SSIM,Type-1 NUFFT vs. Image-based,#DDCC77,0.9740848254823253
real_brain,slow_drift,Slow drift,medium,1,SSIM,Type-1 NUFFT vs. Type-2 NUFFT,#807dba,0.9918284601500271
real_brain,slow_drift,Slow drift,medium,2,SSIM,Type-1 NUFFT vs. Type-2 NUFFT,#807dba,0.9935167590119638
real_brain,slow_drift,Slow drift,medium,3,SSIM,Type-1 NUFFT vs. Type-2 NUFFT,#807dba,0.9970606309841621
real_brain,slow_drift,Slow drift,medium,4,SSIM,Type-1 NUFFT vs. Type-2 NUFFT,#807dba,0.987995650344901
real_brain,slow_drift,Slow drift,medium,5,SSIM,Type-1 NUFFT vs. Type-2 NUFFT,#807dba,0.9942473963149057
real_brain,slow_drift,Slow drift,medium,6,SSIM,Type-1 NUFFT vs. Type-2 NUFFT,#807dba,0.9869942577354017
real_brain,slow_drift,Slow drift,medium,7,SSIM,Type-1 NUFFT vs. Type-2 NUFFT,#807dba,0.9945591265533884
real_brain,slow_drift,Slow drift,medium,8,SSIM,Type-1 NUFFT vs. Type-2 NUFFT,#807dba,0.9957039610338496
real_brain,slow_drift,Slow drift,medium,9,SSIM,Type-1 NUFFT vs. Type-2 NUFFT,#807dba,0.9926431983752164
real_brain,slow_drift,Slow drift,medium,10,SSIM,Type-1 NUFFT vs. Type-2 NUFFT,#807dba,0.9908126276083885
real_brain,slow_drift,Slow drift,medium,11,SSIM,Type-1 NUFFT vs. Type-2 NUFFT,#807dba,0.9958845983059286
real_brain,slow_drift,Slow drift,medium,12,SSIM,Type-1 NUFFT vs. Type-2 NUFFT,#807dba,0.9855782193787059
real_brain,slow_drift,Slow drift,medium,13,SSIM,Type-1 NUFFT vs. Type-2 NUFFT,#807dba,0.9910632682986428
real_brain,slow_drift,Slow drift,medium,14,SSIM,Type-1 NUFFT vs. Type-2 NUFFT,#807dba,0.9907086793722515
real_brain,slow_drift,Slow drift,medium,15,SSIM,Type-1 NUFFT vs. Type-2 NUFFT,#807dba,0.99167360778745
real_brain,slow_drift,Slow drift,medium,16,SSIM,Type-1 NUFFT vs. Type-2 NUFFT,#807dba,0.9921859511790622
real_brain,slow_drift,Slow drift,medium,17,SSIM,Type-1 NUFFT vs. Type-2 NUFFT,#807dba,0.9915317479232668
real_brain,slow_drift,Slow drift,medium,18,SSIM,Type-1 NUFFT vs. Type-2 NUFFT,#807dba,0.9910586842018205
real_brain,slow_drift,Slow drift,medium,19,SSIM,Type-1 NUFFT vs. Type-2 NUFFT,#807dba,0.9929022130655241
real_brain,slow_drift,Slow drift,medium,20,SSIM,Type-1 NUFFT vs. Type-2 NUFFT,#807dba,0.9914463592463388
real_brain,slow_drift,Slow drift,medium,1,RMSD,Type-2 NUFFT vs. Image-based,#CC6677,0.025367030806964883
real_brain,slow_drift,Slow drift,medium,2,RMSD,Type-2 NUFFT vs. Image-based,#CC6677,0.026315041930591258
real_brain,slow_drift,Slow drift,medium,3,RMSD,Type-2 NUFFT vs. Image-based,#CC6677,0.024800624196080933
real_brain,slow_drift,Slow drift,medium,4,RMSD,Type-2 NUFFT vs. Image-based,#CC6677,0.025323730751716518
real_brain,slow_drift,Slow drift,medium,5,RMSD,Type-2 NUFFT vs. Image-based,#CC6677,0.026502823507904758
real_brain,slow_drift,Slow drift,medium,6,RMSD,Type-2 NUFFT vs. Image-based,#CC6677,0.02566974767068025
real_brain,slow_drift,Slow drift,medium,7,RMSD,Type-2 NUFFT vs. Image-based,#CC6677,0.024853634379161656
real_brain,slow_drift,Slow drift,medium,8,RMSD,Type-2 NUFFT vs. Image-based,#CC6677,0.02618200364427172
real_brain,slow_drift,Slow drift,medium,9,RMSD,Type-2 NUFFT vs. Image-based,#CC6677,0.025369331722932056
real_brain,slow_drift,Slow drift,medium,10,RMSD,Type-2 NUFFT vs. Image-based,#CC6677,0.024325578161562215
real_brain,slow_drift,Slow drift,medium,11,RMSD,Type-2 NUFFT vs. Image-based,#CC6677,0.02821369538056088
real_brain,slow_drift,Slow drift,medium,12,RMSD,Type-2 NUFFT vs. Image-based,#CC6677,0.025465778714646396
real_brain,slow_drift,Slow drift,medium,13,RMSD,Type-2 NUFFT vs. Image-based,#CC6677,0.026501343584487004
real_brain,slow_drift,Slow drift,medium,14,RMSD,Type-2 NUFFT vs. Image-based,#CC6677,0.026170813528976496
real_brain,slow_drift,Slow drift,medium,15,RMSD,Type-2 NUFFT vs. Image-based,#CC6677,0.02643081933188246
real_brain,slow_drift,Slow drift,medium,16,RMSD,Type-2 NUFFT vs. Image-based,#CC6677,0.02664999846054218
real_brain,slow_drift,Slow drift,medium,17,RMSD,Type-2 NUFFT vs. Image-based,#CC6677,0.02630060004859024
real_brain,slow_drift,Slow drift,medium,18,RMSD,Type-2 NUFFT vs. Image-based,#CC6677,0.02575963507625795
real_brain,slow_drift,Slow drift,medium,19,RMSD,Type-2 NUFFT vs. Image-based,#CC6677,0.026616547641670284
real_brain,slow_drift,Slow drift,medium,20,RMSD,Type-2 NUFFT vs. Image-based,#CC6677,0.02553601091368616
real_brain,slow_drift,Slow drift,medium,1,RMSD,Type-1 NUFFT vs. Image-based,#DDCC77,0.027856778872898356
real_brain,slow_drift,Slow drift,medium,2,RMSD,Type-1 NUFFT vs. Image-based,#DDCC77,0.02882085038250339
real_brain,slow_drift,Slow drift,medium,3,RMSD,Type-1 NUFFT vs. Image-based,#DDCC77,0.025851003324714163
real_brain,slow_drift,Slow drift,medium,4,RMSD,Type-1 NUFFT vs. Image-based,#DDCC77,0.027728956007242345
real_brain,slow_drift,Slow drift,medium,5,RMSD,Type-1 NUFFT vs. Image-based,#DDCC77,0.027970990857025483
real_brain,slow_drift,Slow drift,medium,6,RMSD,Type-1 NUFFT vs. Image-based,#DDCC77,0.02947521183937792
real_brain,slow_drift,Slow drift,medium,7,RMSD,Type-1 NUFFT vs. Image-based,#DDCC77,0.02608061046504083
real_brain,slow_drift,Slow drift,medium,8,RMSD,Type-1 NUFFT vs. Image-based,#DDCC77,0.027211475148534617
real_brain,slow_drift,Slow drift,medium,9,RMSD,Type-1 NUFFT vs. Image-based,#DDCC77,0.027585031052810467
real_brain,slow_drift,Slow drift,medium,10,RMSD,Type-1 NUFFT vs. Image-based,#DDCC77,0.027018383692503124
real_brain,slow_drift,Slow drift,medium,11,RMSD,Type-1 NUFFT vs. Image-based,#DDCC77,0.029738544967544966
real_brain,slow_drift,Slow drift,medium,12,RMSD,Type-1 NUFFT vs. Image-based,#DDCC77,0.028868806009923996
real_brain,slow_drift,Slow drift,medium,13,RMSD,Type-1 NUFFT vs. Image-based,#DDCC77,0.029575042402894085
real_brain,slow_drift,Slow drift,medium,14,RMSD,Type-1 NUFFT vs. Image-based,#DDCC77,0.027989834966427922
real_brain,slow_drift,Slow drift,medium,15,RMSD,Type-1 NUFFT vs. Image-based,#DDCC77,0.028811836404201426
real_brain,slow_drift,Slow drift,medium,16,RMSD,Type-1 NUFFT vs. Image-based,#DDCC77,0.028838666325454093
real_brain,slow_drift,Slow drift,medium,17,RMSD,Type-1 NUFFT vs. Image-based,#DDCC77,0.027924075663702863
real_brain,slow_drift,Slow drift,medium,18,RMSD,Type-1 NUFFT vs. Image-based,#DDCC77,0.027729098813515304
real_brain,slow_drift,Slow drift,medium,19,RMSD,Type-1 NUFFT vs. Image-based,#DDCC77,0.028332949383480202
real_brain,slow_drift,Slow drift,medium,20,RMSD,Type-1 NUFFT vs. Image-based,#DDCC77,0.028150099159510156
real_brain,slow_drift,Slow drift,medium,1,RMSD,Type-1 NUFFT vs. Type-2 NUFFT,#807dba,0.01549398378918323
real_brain,slow_drift,Slow drift,medium,2,RMSD,Type-1 NUFFT vs. Type-2 NUFFT,#807dba,0.01506084009608591
real_brain,slow_drift,Slow drift,medium,3,RMSD,Type-1 NUFFT vs. Type-2 NUFFT,#807dba,0.008937984173960955
real_brain,slow_drift,Slow drift,medium,4,RMSD,Type-1 NUFFT vs. Type-2 NUFFT,#807dba,0.014803862267318672
real_brain,slow_drift,Slow drift,medium,5,RMSD,Type-1 NUFFT vs. Type-2 NUFFT,#807dba,0.011017803811100468
real_brain,slow_drift,Slow drift,medium,6,RMSD,Type-1 NUFFT vs. Type-2 NUFFT,#807dba,0.01749595237839784
real_brain,slow_drift,Slow drift,medium,7,RMSD,Type-1 NUFFT vs. Type-2 NUFFT,#807dba,0.01084273080593719
real_brain,slow_drift,Slow drift,medium,8,RMSD,Type-1 NUFFT vs. Type-2 NUFFT,#807dba,0.01035693942621195
real_brain,slow_drift,Slow drift,medium,9,RMSD,Type-1 NUFFT vs. Type-2 NUFFT,#807dba,0.013867318537039553
real_brain,slow_drift,Slow drift,medium,10,RMSD,Type-1 NUFFT vs. Type-2 NUFFT,#807dba,0.01489972291470886
real_brain,slow_drift,Slow drift,medium,11,RMSD,Type-1 NUFFT vs. Type-2 NUFFT,#807dba,0.01141701837622628
real_brain,slow_drift,Slow drift,medium,12,RMSD,Type-1 NUFFT vs. Type-2 NUFFT,#807dba,0.016289513165893086
real_brain,slow_drift,Slow drift,medium,13,RMSD,Type-1 NUFFT vs. Type-2 NUFFT,#807dba,0.016890442549632564
real_brain,slow_drift,Slow drift,medium,14,RMSD,Type-1 NUFFT vs. Type-2 NUFFT,#807dba,0.01235808312896489
real_brain,slow_drift,Slow drift,medium,15,RMSD,Type-1 NUFFT vs. Type-2 NUFFT,#807dba,0.014849353487453783
real_brain,slow_drift,Slow drift,medium,16,RMSD,Type-1 NUFFT vs. Type-2 NUFFT,#807dba,0.014737059534009948
real_brain,slow_drift,Slow drift,medium,17,RMSD,Type-1 NUFFT vs. Type-2 NUFFT,#807dba,0.011899767571053581
real_brain,slow_drift,Slow drift,medium,18,RMSD,Type-1 NUFFT vs. Type-2 NUFFT,#807dba,0.013743238232087873
real_brain,slow_drift,Slow drift,medium,19,RMSD,Type-1 NUFFT vs. Type-2 NUFFT,#807dba,0.012849982641942502
real_brain,slow_drift,Slow drift,medium,20,RMSD,Type-1 NUFFT vs. Type-2 NUFFT,#807dba,0.0155884166885243
real_brain,slow_drift,Slow drift,high,1,SSIM,Type-2 NUFFT vs. Image-based,#CC6677,0.9809406730710093
real_brain,slow_drift,Slow drift,high,2,SSIM,Type-2 NUFFT vs. Image-based,#CC6677,0.9803245506067786
real_brain,slow_drift,Slow drift,high,3,SSIM,Type-2 NUFFT vs. Image-based,#CC6677,0.9818204898539447
real_brain,slow_drift,Slow drift,high,4,SSIM,Type-2 NUFFT vs. Image-based,#CC6677,0.9772578758064479
real_brain,slow_drift,Slow drift,high,5,SSIM,Type-2 NUFFT vs. Image-based,#CC6677,0.979598432913478
real_brain,slow_drift,Slow drift,high,6,SSIM,Type-2 NUFFT vs. Image-based,#CC6677,0.9778959588316926
real_brain,slow_drift,Slow drift,high,7,SSIM,Type-2 NUFFT vs. Image-based,#CC6677,0.9792318080976948
real_brain,slow_drift,Slow drift,high,8,SSIM,Type-2 NUFFT vs. Image-based,#CC6677,0.9801185928738617
real_brain,slow_drift,Slow drift,high,9,SSIM,Type-2 NUFFT vs. Image-based,#CC6677,0.9771917508154662
real_brain,slow_drift,Slow drift,high,10,SSIM,Type-2 NUFFT vs. Image-based,#CC6677,0.9769762849620022
real_brain,slow_drift,Slow drift,high,11,SSIM,Type-2 NUFFT vs. Image-based,#CC6677,0.9810410656951576
real_brain,slow_drift,Slow drift,high,12,SSIM,Type-2 NUFFT vs. Image-based,#CC6677,0.9785986038649268
real_brain,slow_drift,Slow drift,high,13,SSIM,Type-2 NUFFT vs. Image-based,#CC6677,0.9819744237304752
real_brain,slow_drift,Slow drift,high,14,SSIM,Type-2 NUFFT vs. Image-based,#CC6677,0.9775075901305679
real_brain,slow_drift,Slow drift,high,15,SSIM,Type-2 NUFFT vs. Image-based,#CC6677,0.9800824881713857
real_brain,slow_drift,Slow drift,high,16,SSIM,Type-2 NUFFT vs. Image-based,#CC6677,0.9770859628017884
real_brain,slow_drift,Slow drift,high,17,SSIM,Type-2 NUFFT vs. Image-based,#CC6677,0.9787951910151531
real_brain,slow_drift,Slow drift,high,18,SSIM,Type-2 NUFFT vs. Image-based,#CC6677,0.9791745368841669
real_brain,slow_drift,Slow drift,high,19,SSIM,Type-2 NUFFT vs. Image-based,#CC6677,0.9756407807019348
real_brain,slow_drift,Slow drift,high,20,SSIM,Type-2 NUFFT vs. Image-based,#CC6677,0.9793665856624442
real_brain,slow_drift,Slow drift,high,1,SSIM,Type-1 NUFFT vs. Image-based,#DDCC77,0.9589400672763743
real_brain,slow_drift,Slow drift,high,2,SSIM,Type-1 NUFFT vs. Image-based,#DDCC77,0.9613782706908475
real_brain,slow_drift,Slow drift,high,3,SSIM,Type-1 NUFFT vs. Image-based,#DDCC77,0.9736379641287751
real_brain,slow_drift,Slow drift,high,4,SSIM,Type-1 NUFFT vs. Image-based,#DDCC77,0.9396395560283005
real_brain,slow_drift,Slow drift,high,5,SSIM,Type-1 NUFFT vs. Image-based,#DDCC77,0.960910244619321
real_brain,slow_drift,Slow drift,high,6,SSIM,Type-1 NUFFT vs. Image-based,#DDCC77,0.9334985669738025
real_brain,slow_drift,Slow drift,high,7,SSIM,Type-1 NUFFT vs. Image-based,#DDCC77,0.9654848012859701
real_brain,slow_drift,Slow drift,high,8,SSIM,Type-1 NUFFT vs. Image-based,#DDCC77,0.9671585348640441
real_brain,slow_drift,Slow drift,high,9,SSIM,Type-1 NUFFT vs. Image-based,#DDCC77,0.9570676962646468
real_brain,slow_drift,Slow drift,high,10,SSIM,Type-1 NUFFT vs. Image-based,#DDCC77,0.9476237477551931
real_brain,slow_drift,Slow drift,high,11,SSIM,Type-1 NUFFT vs. Image-based,#DDCC77,0.9691482179778255
real_brain,slow_drift,Slow drift,high,12,SSIM,Type-1 NUFFT vs. Image-based,#DDCC77,0.9306479172002694
real_brain,slow_drift,Slow drift,high,13,SSIM,Type-1 NUFFT vs. Image-based,#DDCC77,0.9606827364296824
real_brain,slow_drift,Slow drift,high,14,SSIM,Type-1 NUFFT vs. Image-based,#DDCC77,0.9403673210849323
real_brain,slow_drift,Slow drift,high,15,SSIM,Type-1 NUFFT vs. Image-based,#DDCC77,0.9544417243845027
real_brain,slow_drift,Slow drift,high,16,SSIM,Type-1 NUFFT vs. Image-based,#DDCC77,0.9532299640356432
real_brain,slow_drift,Slow drift,high,17,SSIM,Type-1 NUFFT vs. Image-based,#DDCC77,0.9523788674968722
real_brain,slow_drift,Slow drift,high,18,SSIM,Type-1 NUFFT vs. Image-based,#DDCC77,0.9517446861205007
real_brain,slow_drift,Slow drift,high,19,SSIM,Type-1 NUFFT vs. Image-based,#DDCC77,0.9571965491700807
real_brain,slow_drift,Slow drift,high,20,SSIM,Type-1 NUFFT vs. Image-based,#DDCC77,0.9548845517430294
real_brain,slow_drift,Slow drift,high,1,SSIM,Type-1 NUFFT vs. Type-2 NUFFT,#807dba,0.9651704514531012
real_brain,slow_drift,Slow drift,high,2,SSIM,Type-1 NUFFT vs. Type-2 NUFFT,#807dba,0.9722384273990529
real_brain,slow_drift,Slow drift,high,3,SSIM,Type-1 NUFFT vs. Type-2 NUFFT,#807dba,0.9865989347450288
real_brain,slow_drift,Slow drift,high,4,SSIM,Type-1 NUFFT vs. Type-2 NUFFT,#807dba,0.9549677222151399
real_brain,slow_drift,Slow drift,high,5,SSIM,Type-1 NUFFT vs. Type-2 NUFFT,#807dba,0.9761848892532097
real_brain,slow_drift,Slow drift,high,6,SSIM,Type-1 NUFFT vs. Type-2 NUFFT,#807dba,0.950193473389973
real_brain,slow_drift,Slow drift,high,7,SSIM,Type-1 NUFFT vs. Type-2 NUFFT,#807dba,0.9778880656114198
real_brain,slow_drift,Slow drift,high,8,SSIM,Type-1 NUFFT vs. Type-2 NUFFT,#807dba,0.981574974092094
real_brain,slow_drift,Slow drift,high,9,SSIM,Type-1 NUFFT vs. Type-2 NUFFT,#807dba,0.9702390260066199
real_brain,slow_drift,Slow drift,high,10,SSIM,Type-1 NUFFT vs. Type-2 NUFFT,#807dba,0.9642519289238133
real_brain,slow_drift,Slow drift,high,11,SSIM,Type-1 NUFFT vs. Type-2 NUFFT,#807dba,0.9824282056798066
real_brain,slow_drift,Slow drift,high,12,SSIM,Type-1 NUFFT vs. Type-2 NUFFT,#807dba,0.9476276499772974
real_brain,slow_drift,Slow drift,high,13,SSIM,Type-1 NUFFT vs. Type-2 NUFFT,#807dba,0.9670977916851535
real_brain,slow_drift,Slow drift,high,14,SSIM,Type-1 NUFFT vs. Type-2 NUFFT,#807dba,0.9596283476410167
real_brain,slow_drift,Slow drift,high,15,SSIM,Type-1 NUFFT vs. Type-2 NUFFT,#807dba,0.9649455497818687
real_brain,slow_drift,Slow drift,high,16,SSIM,Type-1 NUFFT vs. Type-2 NUFFT,#807dba,0.9648525157686326
real_brain,slow_drift,Slow drift,high,17,SSIM,Type-1 NUFFT vs. Type-2 NUFFT,#807dba,0.967273334032089
real_brain,slow_drift,Slow drift,high,18,SSIM,Type-1 NUFFT vs. Type-2 NUFFT,#807dba,0.9654612080483382
real_brain,slow_drift,Slow drift,high,19,SSIM,Type-1 NUFFT vs. Type-2 NUFFT,#807dba,0.9712744652293289
real_brain,slow_drift,Slow drift,high,20,SSIM,Type-1 NUFFT vs. Type-2 NUFFT,#807dba,0.9660450689137446
real_brain,slow_drift,Slow drift,high,1,RMSD,Type-2 NUFFT vs. Image-based,#CC6677,0.024993079444137672
real_brain,slow_drift,Slow drift,high,2,RMSD,Type-2 NUFFT vs. Image-based,#CC6677,0.02536409526061385
real_brain,slow_drift,Slow drift,high,3,RMSD,Type-2 NUFFT vs. Image-based,#CC6677,0.024939207232387395
real_brain,slow_drift,Slow drift,high,4,RMSD,Type-2 NUFFT vs. Image-based,#CC6677,0.02507376053540008
real_brain,slow_drift,Slow drift,high,5,RMSD,Type-2 NUFFT vs. Image-based,#CC6677,0.025539999136827654
real_brain,slow_drift,Slow drift,high,6,RMSD,Type-2 NUFFT vs. Image-based,#CC6677,0.024812228790378487
real_brain,slow_drift,Slow drift,high,7,RMSD,Type-2 NUFFT vs. Image-based,#CC6677,0.025729905089986276
real_brain,slow_drift,Slow drift,high,8,RMSD,Type-2 NUFFT vs. Image-based,#CC6677,0.02642762226961123
real_brain,slow_drift,Slow drift,high,9,RMSD,Type-2 NUFFT vs. Image-based,#CC6677,0.02476912895768927
real_brain,slow_drift,Slow drift,high,10,RMSD,Type-2 NUFFT vs. Image-based,#CC6677,0.024781834612610146
real_brain,slow_drift,Slow drift,high,11,RMSD,Type-2 NUFFT vs. Image-based,#CC6677,0.026535362826913773
real_brain,slow_drift,Slow drift,high,12,RMSD,Type-2 NUFFT vs. Image-based,#CC6677,0.02475406452882222
real_brain,slow_drift,Slow drift,high,13,RMSD,Type-2 NUFFT vs. Image-based,#CC6677,0.025393924273835466
real_brain,slow_drift,Slow drift,high,14,RMSD,Type-2 NUFFT vs. Image-based,#CC6677,0.025488125209218362
real_brain,slow_drift,Slow drift,high,15,RMSD,Type-2 NUFFT vs. Image-based,#CC6677,0.025753657482332364
real_brain,slow_drift,Slow drift,high,16,RMSD,Type-2 NUFFT vs. Image-based,#CC6677,0.02518069915855706
real_brain,slow_drift,Slow drift,high,17,RMSD,Type-2 NUFFT vs. Image-based,#CC6677,0.025368251169534364
real_brain,slow_drift,Slow drift,high,18,RMSD,Type-2 NUFFT vs. Image-based,#CC6677,0.02495265307833165
real_brain,slow_drift,Slow drift,high,19,RMSD,Type-2 NUFFT vs. Image-based,#CC6677,0.025590612695674673
real_brain,slow_drift,Slow drift,high,20,RMSD,Type-2 NUFFT vs. Image-based,#CC6677,0.02443720931228652
real_brain,slow_drift,Slow drift,high,1,RMSD,Type-1 NUFFT vs. Image-based,#DDCC77,0.037992082816308496
real_brain,slow_drift,Slow drift,high,2,RMSD,Type-1 NUFFT vs. Image-based,#DDCC77,0.03851711899106643
real_brain,slow_drift,Slow drift,high,3,RMSD,Type-1 NUFFT vs. Image-based,#DDCC77,0.030031136189451947
real_brain,slow_drift,Slow drift,high,4,RMSD,Type-1 NUFFT vs. Image-based,#DDCC77,0.03460859801537722
real_brain,slow_drift,Slow drift,high,5,RMSD,Type-1 NUFFT vs. Image-based,#DDCC77,0.03234618463072087
real_brain,slow_drift,Slow drift,high,6,RMSD,Type-1 NUFFT vs. Image-based,#DDCC77,0.039915679872954433
real_brain,slow_drift,Slow drift,high,7,RMSD,Type-1 NUFFT vs. Image-based,#DDCC77,0.032255579403855414
real_brain,slow_drift,Slow drift,high,8,RMSD,Type-1 NUFFT vs. Image-based,#DDCC77,0.03156107471930399
real_brain,slow_drift,Slow drift,high,9,RMSD,Type-1 NUFFT vs. Image-based,#DDCC77,0.03550243132917604
real_brain,slow_drift,Slow drift,high,10,RMSD,Type-1 NUFFT vs. Image-based,#DDCC77,0.03549957125599677
real_brain,slow_drift,Slow drift,high,11,RMSD,Type-1 NUFFT vs. Image-based,#DDCC77,0.0351580306903553
real_brain,slow_drift,Slow drift,high,12,RMSD,Type-1 NUFFT vs. Image-based,#DDCC77,0.037326212037437766
real_brain,slow_drift,Slow drift,high,13,RMSD,Type-1 NUFFT vs. Image-based,#DDCC77,0.0394222814309935
real_brain,slow_drift,Slow drift,high,14,RMSD,Type-1 NUFFT vs. Image-based,#DDCC77,0.033099739964353884
real_brain,slow_drift,Slow drift,high,15,RMSD,Type-1 NUFFT vs. Image-based,#DDCC77,0.03792508976514535
real_brain,slow_drift,Slow drift,high,16,RMSD,Type-1 NUFFT vs. Image-based,#DDCC77,0.03468137441674719
real_brain,slow_drift,Slow drift,high,17,RMSD,Type-1 NUFFT vs. Image-based,#DDCC77,0.03253699328438785
real_brain,slow_drift,Slow drift,high,18,RMSD,Type-1 NUFFT vs. Image-based,#DDCC77,0.033952885098936576
real_brain,slow_drift,Slow drift,high,19,RMSD,Type-1 NUFFT vs. Image-based,#DDCC77,0.033214866323252275
real_brain,slow_drift,Slow drift,high,20,RMSD,Type-1 NUFFT vs. Image-based,#DDCC77,0.03588735299470534
real_brain,slow_drift,Slow drift,high,1,RMSD,Type-1 NUFFT vs. Type-2 NUFFT,#807dba,0.035593572965133755
real_brain,slow_drift,Slow drift,high,2,RMSD,Type-1 NUFFT vs. Type-2 NUFFT,#807dba,0.035854925355521795
real_brain,slow_drift,Slow drift,high,3,RMSD,Type-1 NUFFT vs. Type-2 NUFFT,#807dba,0.02134464417626901
real_brain,slow_drift,Slow drift,high,4,RMSD,Type-1 NUFFT vs. Type-2 NUFFT,#807dba,0.03031384432373529
real_brain,slow_drift,Slow drift,high,5,RMSD,Type-1 NUFFT vs. Type-2 NUFFT,#807dba,0.024773889383310228
real_brain,slow_drift,Slow drift,high,6,RMSD,Type-1 NUFFT vs. Type-2 NUFFT,#807dba,0.03701510995013294
real_brain,slow_drift,Slow drift,high,7,RMSD,Type-1 NUFFT vs. Type-2 NUFFT,#807dba,0.025250374915456144
real_brain,slow_drift,Slow drift,high,8,RMSD,Type-1 NUFFT vs. Type-2 NUFFT,#807dba,0.023051036093315838
real_brain,slow_drift,Slow drift,high,9,RMSD,Type-1 NUFFT vs. Type-2 NUFFT,#807dba,0.0315300433923894
real_brain,slow_drift,Slow drift,high,10,RMSD,Type-1 NUFFT vs. Type-2 NUFFT,#807dba,0.03143516897276174
real_brain,slow_drift,Slow drift,high,11,RMSD,Type-1 NUFFT vs. Type-2 NUFFT,#807dba,0.02736276475024868
real_brain,slow_drift,Slow drift,high,12,RMSD,Type-1 NUFFT vs. Type-2 NUFFT,#807dba,0.03314942210822382
real_brain,slow_drift,Slow drift,high,13,RMSD,Type-1 NUFFT vs. Type-2 NUFFT,#807dba,0.03742081469808258
real_brain,slow_drift,Slow drift,high,14,RMSD,Type-1 NUFFT vs. Type-2 NUFFT,#807dba,0.02600973693126608
real_brain,slow_drift,Slow drift,high,15,RMSD,Type-1 NUFFT vs. Type-2 NUFFT,#807dba,0.0338419825681922
real_brain,slow_drift,Slow drift,high,16,RMSD,Type-1 NUFFT vs. Type-2 NUFFT,#807dba,0.03162500257418643
real_brain,slow_drift,Slow drift,high,17,RMSD,Type-1 NUFFT vs. Type-2 NUFFT,#807dba,0.025427745174864437
real_brain,slow_drift,Slow drift,high,18,RMSD,Type-1 NUFFT vs. Type-2 NUFFT,#807dba,0.029374800448710627
real_brain,slow_drift,Slow drift,high,19,RMSD,Type-1 NUFFT vs. Type-2 NUFFT,#807dba,0.027197779546845845
real_brain,slow_drift,Slow drift,high,20,RMSD,Type-1 NUFFT vs. Type-2 NUFFT,#807dba,0.03368460224999178
real_brain,spikes,Spikes,low,1,SSIM,Type-2 NUFFT vs. Image-based,#CC6677,0.9991203694396638
real_brain,spikes,Spikes,low,2,SSIM,Type-2 NUFFT vs. Image-based,#CC6677,0.999363381606101
real_brain,spikes,Spikes,low,3,SSIM,Type-2 NUFFT vs. Image-based,#CC6677,0.9990803978435027
real_brain,spikes,Spikes,low,4,SSIM,Type-2 NUFFT vs. Image-based,#CC6677,0.9990646589866152
real_brain,spikes,Spikes,low,5,SSIM,Type-2 NUFFT vs. Image-based,#CC6677,0.9992710668262316
real_brain,spikes,Spikes,low,6,SSIM,Type-2 NUFFT vs. Image-based,#CC6677,0.9990168863774964
real_brain,spikes,Spikes,low,7,SSIM,Type-2 NUFFT vs. Image-based,#CC6677,0.999018513672973
real_brain,spikes,Spikes,low,8,SSIM,Type-2 NUFFT vs. Image-based,#CC6677,0.9993573060612715
real_brain,spikes,Spikes,low,9,SSIM,Type-2 NUFFT vs. Image-based,#CC6677,0.9990594496719495
real_brain,spikes,Spikes,low,10,SSIM,Type-2 NUFFT vs. Image-based,#CC6677,0.9995078592679183
real_brain,spikes,Spikes,low,11,SSIM,Type-2 NUFFT vs. Image-based,#CC6677,0.9990476270715516
real_brain,spikes,Spikes,low,12,SSIM,Type-2 NUFFT vs. Image-based,#CC6677,0.9990552684633166
real_brain,spikes,Spikes,low,13,SSIM,Type-2 NUFFT vs. Image-based,#CC6677,0.9994082758162435
real_brain,spikes,Spikes,low,14,SSIM,Type-2 NUFFT vs. Image-based,#CC6677,0.9990294079115226
real_brain,spikes,Spikes,low,15,SSIM,Type-2 NUFFT vs. Image-based,#CC6677,0.9991394285332059
real_brain,spikes,Spikes,low,16,SSIM,Type-2 NUFFT vs. Image-based,#CC6677,0.9990440328007326
real_brain,spikes,Spikes,low,17,SSIM,Type-2 NUFFT vs. Image-based,#CC6677,0.9991531632073791
real_brain,spikes,Spikes,low,18,SSIM,Type-2 NUFFT vs. Image-based,#CC6677,0.999092710525029
real_brain,spikes,Spikes,low,19,SSIM,Type-2 NUFFT vs. Image-based,#CC6677,0.9992044990370197
real_brain,spikes,Spikes,low,20,SSIM,Type-2 NUFFT vs. Image-based,#CC6677,0.9991795840574428
real_brain,spikes,Spikes,low,1,SSIM,Type-1 NUFFT vs. Image-based,#DDCC77,0.9830110196891351
real_brain,spikes,Spikes,low,2,SSIM,Type-1 NUFFT vs. Image-based,#DDCC77,0.983747481041906
real_brain,spikes,Spikes,low,3,SSIM,Type-1 NUFFT vs. Image-based,#DDCC77,0.9509426027902877
real_brain,spikes,Spikes,low,4,SSIM,Type-1 NUFFT vs. Image-based,#DDCC77,0.9854680422221633
real_brain,spikes,Spikes,low,5,SSIM,Type-1 NUFFT vs. Image-based,#DDCC77,0.9920259842051463
real_brain,spikes,Spikes,low,6,SSIM,Type-1 NUFFT vs. Image-based,#DDCC77,0.9876770913566307
real_brain,spikes,Spikes,low,7,SSIM,Type-1 NUFFT vs. Image-based,#DDCC77,0.9925649478714016
real_brain,spikes,Spikes,low,8,SSIM,Type-1 NUFFT vs. Image-based,#DDCC77,0.9812205639340746
real_brain,spikes,Spikes,low,9,SSIM,Type-1 NUFFT vs. Image-based,#DDCC77,0.983717381168679
real_brain,spikes,Spikes,low,10,SSIM,Type-1 NUFFT vs. Image-based,#DDCC77,0.9952982265472415
real_brain,spikes,Spikes,low,11,SSIM,Type-1 NUFFT vs. Image-based,#DDCC77,0.9907445633588288
real_brain,spikes,Spikes,low,12,SSIM,Type-1 NUFFT vs. Image-based,#DDCC77,0.9866125664413256
real_brain,spikes,Spikes,low,13,SSIM,Type-1 NUFFT vs. Image-based,#DDCC77,0.9822845465936787
real_brain,spikes,Spikes,low,14,SSIM,Type-1 NUFFT vs. Image-based,#DDCC77,0.9835098694998359
real_brain,spikes,Spikes,low,15,SSIM,Type-1 NUFFT vs. Image-based,#DDCC77,0.9702918525354017
real_brain,spikes,Spikes,low,16,SSIM,Type-1 NUFFT vs. Image-based,#DDCC77,0.9871488376196978
real_brain,spikes,Spikes,low,17,SSIM,Type-1 NUFFT vs. Image-based,#DDCC77,0.9802622599105109
real_brain,spikes,Spikes,low,18,SSIM,Type-1 NUFFT vs. Image-based,#DDCC77,0.9879198711017264
real_brain,spikes,Spikes,low,19,SSIM,Type-1 NUFFT vs. Image-based,#DDCC77,0.969241323854685
real_brain,spikes,Spikes,low,20,SSIM,Type-1 NUFFT vs. Image-based,#DDCC77,0.989941727943132
real_brain,spikes,Spikes,low,1,SSIM,Type-1 NUFFT vs. Type-2 NUFFT,#807dba,0.9820671553452424
real_brain,spikes,Spikes,low,2,SSIM,Type-1 NUFFT vs. Type-2 NUFFT,#807dba,0.9850076825998493
real_brain,spikes,Spikes,low,3,SSIM,Type-1 NUFFT vs. Type-2 NUFFT,#807dba,0.9505951182998348
real_brain,spikes,Spikes,low,4,SSIM,Type-1 NUFFT vs. Type-2 NUFFT,#807dba,0.9859928379658824
real_brain,spikes,Spikes,low,5,SSIM,Type-1 NUFFT vs. Type-2 NUFFT,#807dba,0.9913075732495157
real_brain,spikes,Spikes,low,6,SSIM,Type-1 NUFFT vs. Type-2 NUFFT,#807dba,0.9881981852690267
real_brain,spikes,Spikes,low,7,SSIM,Type-1 NUFFT vs. Type-2 NUFFT,#807dba,0.9911384902809846
real_brain,spikes,Spikes,low,8,SSIM,Type-1 NUFFT vs. Type-2 NUFFT,#807dba,0.9806545041317638
real_brain,spikes,Spikes,low,9,SSIM,Type-1 NUFFT vs. Type-2 NUFFT,#807dba,0.983140556150278
real_brain,spikes,Spikes,low,10,SSIM,Type-1 NUFFT vs. Type-2 NUFFT,#807dba,0.9957657786178475
real_brain,spikes,Spikes,low,11,SSIM,Type-1 NUFFT vs. Type-2 NUFFT,#807dba,0.990147007586508
real_brain,spikes,Spikes,low,12,SSIM,Type-1 NUFFT vs. Type-2 NUFFT,#807dba,0.9867589096459733
real_brain,spikes,Spikes,low,13,SSIM,Type-1 NUFFT vs. Type-2 NUFFT,#807dba,0.9829009237297733
real_brain,spikes,Spikes,low,14,SSIM,Type-1 NUFFT vs. Type-2 NUFFT,#807dba,0.9839370897134871
real_brain,spikes,Spikes,low,15,SSIM,Type-1 NUFFT vs. Type-2 NUFFT,#807dba,0.9688426379301234
real_brain,spikes,Spikes,low,16,SSIM,Type-1 NUFFT vs. Type-2 NUFFT,#807dba,0.9875143186692545
real_brain,spikes,Spikes,low,17,SSIM,Type-1 NUFFT vs. Type-2 NUFFT,#807dba,0.9792207993315976
real_brain,spikes,Spikes,low,18,SSIM,Type-1 NUFFT vs. Type-2 NUFFT,#807dba,0.9879549770388022
real_brain,spikes,Spikes,low,19,SSIM,Type-1 NUFFT vs. Type-2 NUFFT,#807dba,0.9679814355876178
real_brain,spikes,Spikes,low,20,SSIM,Type-1 NUFFT vs. Type-2 NUFFT,#807dba,0.9885993711545352
real_brain,spikes,Spikes,low,1,RMSD,Type-2 NUFFT vs. Image-based,#CC6677,0.002159189599027252
real_brain,spikes,Spikes,low,2,RMSD,Type-2 NUFFT vs. Image-based,#CC6677,0.001848892723288065
real_brain,spikes,Spikes,low,3,RMSD,Type-2 NUFFT vs. Image-based,#CC6677,0.0025279540034063488
real_brain,spikes,Spikes,low,4,RMSD,Type-2 NUFFT vs. Image-based,#CC6677,0.002197078166176969
real_brain,spikes,Spikes,low,5,RMSD,Type-2 NUFFT vs. Image-based,#CC6677,0.0018275339405545996
real_brain,spikes,Spikes,low,6,RMSD,Type-2 NUFFT vs. Image-based,#CC6677,0.0022294195297760007
real_brain,spikes,Spikes,low,7,RMSD,Type-2 NUFFT vs. Image-based,#CC6677,0.0020930896458753773
real_brain,spikes,Spikes,low,8,RMSD,Type-2 NUFFT vs. Image-based,#CC6677,0.0018028469154403354
real_brain,spikes,Spikes,low,9,RMSD,Type-2 NUFFT vs. Image-based,#CC6677,0.002214351549514825
real_brain,spikes,Spikes,low,10,RMSD,Type-2 NUFFT vs. Image-based,#CC6677,0.0015384974937181746
real_brain,spikes,Spikes,low,11,RMSD,Type-2 NUFFT vs. Image-based,#CC6677,0.0021309179091291
real_brain,spikes,Spikes,low,12,RMSD,Type-2 NUFFT vs. Image-based,#CC6677,0.0021902273135585527
real_brain,spikes,Spikes,low,13,RMSD,Type-2 NUFFT vs. Image-based,#CC6677,0.0017132290618612077
real_brain,spikes,Spikes,low,14,RMSD,Type-2 NUFFT vs. Image-based,#CC6677,0.002218705303775756
real_brain,spikes,Spikes,low,15,RMSD,Type-2 NUFFT vs. Image-based,#CC6677,0.002267344171732335
real_brain,spikes,Spikes,low,16,RMSD,Type-2 NUFFT vs. Image-based,#CC6677,0.002198620805708594
real_brain,spikes,Spikes,low,17,RMSD,Type-2 NUFFT vs. Image-based,#CC6677,0.0021756260220265763
real_brain,spikes,Spikes,low,18,RMSD,Type-2 NUFFT vs. Image-based,#CC6677,0.0021400048385508638
real_brain,spikes,Spikes,low,19,RMSD,Type-2 NUFFT vs. Image-based,#CC6677,0.0021758187607061174
real_brain,spikes,Spikes,low,20,RMSD,Type-2 NUFFT vs. Image-based,#CC6677,0.0019093185575562927
real_brain,spikes,Spikes,low,1,RMSD,Type-1 NUFFT vs. Image-based,#DDCC77,0.00928232226846845
real_brain,spikes,Spikes,low,2,RMSD,Type-1 NUFFT vs. Image-based,#DDCC77,0.006958648925015705
real_brain,spikes,Spikes,low,3,RMSD,Type-1 NUFFT vs. Image-based,#DDCC77,0.01967653168813204
real_brain,spikes,Spikes,low,4,RMSD,Type-1 NUFFT vs. Image-based,#DDCC77,0.007923998728716691
real_brain,spikes,Spikes,low,5,RMSD,Type-1 NUFFT vs. Image-based,#DDCC77,0.00660145327773503
real_brain,spikes,Spikes,low,6,RMSD,Type-1 NUFFT vs. Image-based,#DDCC77,0.007296168697231096
real_brain,spikes,Spikes,low,7,RMSD,Type-1 NUFFT vs. Image-based,#DDCC77,0.006311197757568768
real_brain,spikes,Spikes,low,8,RMSD,Type-1 NUFFT vs. Image-based,#DDCC77,0.009875450462567211
real_brain,spikes,Spikes,low,9,RMSD,Type-1 NUFFT vs. Image-based,#DDCC77,0.009338442246656494
real_brain,spikes,Spikes,low,10,RMSD,Type-1 NUFFT vs. Image-based,#DDCC77,0.003629215919935968
real_brain,spikes,Spikes,low,11,RMSD,Type-1 NUFFT vs. Image-based,#DDCC77,0.00691491748010494
real_brain,spikes,Spikes,low,12,RMSD,Type-1 NUFFT vs. Image-based,#DDCC77,0.007973037655203708
real_brain,spikes,Spikes,low,13,RMSD,Type-1 NUFFT vs. Image-based,#DDCC77,0.008846548238512875
real_brain,spikes,Spikes,low,14,RMSD,Type-1 NUFFT vs. Image-based,#DDCC77,0.008942483236229442
real_brain,spikes,Spikes,low,15,RMSD,Type-1 NUFFT vs. Image-based,#DDCC77,0.01222316870248993
real_brain,spikes,Spikes,low,16,RMSD,Type-1 NUFFT vs. Image-based,#DDCC77,0.007624362771869448
real_brain,spikes,Spikes,low,17,RMSD,Type-1 NUFFT vs. Image-based,#DDCC77,0.010317038081176823
real_brain,spikes,Spikes,low,18,RMSD,Type-1 NUFFT vs. Image-based,#DDCC77,0.0075755032627011975
real_brain,spikes,Spikes,low,19,RMSD,Type-1 NUFFT vs. Image-based,#DDCC77,0.012043094867908857
real_brain,spikes,Spikes,low,20,RMSD,Type-1 NUFFT vs. Image-based,#DDCC77,0.00726257238553568
real_brain,spikes,Spikes,low,1,RMSD,Type-1 NUFFT vs. Type-2 NUFFT,#807dba,0.009727986617723765
real_brain,spikes,Spikes,low,2,RMSD,Type-1 NUFFT vs. Type-2 NUFFT,#807dba,0.007200984417649729
real_brain,spikes,Spikes,low,3,RMSD,Type-1 NUFFT vs. Type-2 NUFFT,#807dba,0.02003623169709079
real_brain,spikes,Spikes,low,4,RMSD,Type-1 NUFFT vs. Type-2 NUFFT,#807dba,0.008384756845535232
real_brain,spikes,Spikes,low,5,RMSD,Type-1 NUFFT vs. Type-2 NUFFT,#807dba,0.007145523004808309
real_brain,spikes,Spikes,low,6,RMSD,Type-1 NUFFT vs. Type-2 NUFFT,#807dba,0.007779610367556823
real_brain,spikes,Spikes,low,7,RMSD,Type-1 NUFFT vs. Type-2 NUFFT,#807dba,0.006853162719197182
real_brain,spikes,Spikes,low,8,RMSD,Type-1 NUFFT vs. Type-2 NUFFT,#807dba,0.010279574258608953
real_brain,spikes,Spikes,low,9,RMSD,Type-1 NUFFT vs. Type-2 NUFFT,#807dba,0.009864643110624315
real_brain,spikes,Spikes,low,10,RMSD,Type-1 NUFFT vs. Type-2 NUFFT,#807dba,0.003894798802588516
real_brain,spikes,Spikes,low,11,RMSD,Type-1 NUFFT vs. Type-2 NUFFT,#807dba,0.007430247298473387
real_brain,spikes,Spikes,low,12,RMSD,Type-1 NUFFT vs. Type-2 NUFFT,#807dba,0.0085087896788689
real_brain,spikes,Spikes,low,13,RMSD,Type-1 NUFFT vs. Type-2 NUFFT,#807dba,0.009205403670614334
real_brain,spikes,Spikes,low,14,RMSD,Type-1 NUFFT vs. Type-2 NUFFT,#807dba,0.009419316352972022
real_brain,spikes,Spikes,low,15,RMSD,Type-1 NUFFT vs. Type-2 NUFFT,#807dba,0.012623923759937202
real_brain,spikes,Spikes,low,16,RMSD,Type-1 NUFFT vs. Type-2 NUFFT,#807dba,0.008125425348815957
real_brain,spikes,Spikes,low,17,RMSD,Type-1 NUFFT vs. Type-2 NUFFT,#807dba,0.010773539110908446
real_brain,spikes,Spikes,low,18,RMSD,Type-1 NUFFT vs. Type-2 NUFFT,#807dba,0.008073155051024634
real_brain,spikes,Spikes,low,19,RMSD,Type-1 NUFFT vs. Type-2 NUFFT,#807dba,0.012354379406154617
real_brain,spikes,Spikes,low,20,RMSD,Type-1 NUFFT vs. Type-2 NUFFT,#807dba,0.007778910088877553
real_brain,spikes,Spikes,medium,1,SSIM,Type-2 NUFFT vs. Image-based,#CC6677,0.998852785936146
real_brain,spikes,Spikes,medium,2,SSIM,Type-2 NUFFT vs. Image-based,#CC6677,0.9991185593847478
real_brain,spikes,Spikes,medium,3,SSIM,Type-2 NUFFT vs. Image-based,#CC6677,0.9988618385487362
real_brain,spikes,Spikes,medium,4,SSIM,Type-2 NUFFT vs. Image-based,#CC6677,0.9989664702678308
real_brain,spikes,Spikes,medium,5,SSIM,Type-2 NUFFT vs. Image-based,#CC6677,0.9991486059980434
real_brain,spikes,Spikes,medium,6,SSIM,Type-2 NUFFT vs. Image-based,#CC6677,0.9990497929240326
real_brain,spikes,Spikes,medium,7,SSIM,Type-2 NUFFT vs. Image-based,#CC6677,0.9989742086796195
real_brain,spikes,Spikes,medium,8,SSIM,Type-2 NUFFT vs. Image-based,#CC6677,0.9988569363524101
real_brain,spikes,Spikes,medium,9,SSIM,Type-2 NUFFT vs. Image-based,#CC6677,0.9989426139815977
real_brain,spikes,Spikes,medium,10,SSIM,Type-2 NUFFT vs. Image-based,#CC6677,0.9994080588370045
real_brain,spikes,Spikes,medium,11,SSIM,Type-2 NUFFT vs. Image-based,#CC6677,0.9989382155421969
real_brain,spikes,Spikes,medium,12,SSIM,Type-2 NUFFT vs. Image-based,#CC6677,0.9989382962166806
real_brain,spikes,Spikes,medium,13,SSIM,Type-2 NUFFT vs. Image-based,#CC6677,0.9988570272891341
real_brain,spikes,Spikes,medium,14,SSIM,Type-2 NUFFT vs. Image-based,#CC6677,0.9989949388136596
real_brain,spikes,Spikes,medium,15,SSIM,Type-2 NUFFT vs. Image-based,#CC6677,0.99892464769084
real_brain,spikes,Spikes,medium,16,SSIM,Type-2 NUFFT vs. Image-based,#CC6677,0.9990443012818848
real_brain,spikes,Spikes,medium,17,SSIM,Type-2 NUFFT vs. Image-based,#CC6677,0.9989675562603302
real_brain,spikes,Spikes,medium,18,SSIM,Type-2 NUFFT vs. Image-based,#CC6677,0.9990211509385805
real_brain,spikes,Spikes,medium,19,SSIM,Type-2 NUFFT vs. Image-based,#CC6677,0.9966573179264882
real_brain,spikes,Spikes,medium,20,SSIM,Type-2 NUFFT vs. Image-based,#CC6677,0.9992493482791394
real_brain,spikes,Spikes,medium,1,SSIM,Type-1 NUFFT vs. Image-based,#DDCC77,0.9729707200235883
real_brain,spikes,Spikes,medium,2,SSIM,Type-1 NUFFT vs. Image-based,#DDCC77,0.9185450438403635
real_brain,spikes,Spikes,medium,3,SSIM,Type-1 NUFFT vs. Image-based,#DDCC77,0.9667246522697857
real_brain,spikes,Spikes,medium,4,SSIM,Type-1 NUFFT vs. Image-based,#DDCC77,0.9502653913923224
real_brain,spikes,Spikes,medium,5,SSIM,Type-1 NUFFT vs. Image-based,#DDCC77,0.971984304725412
real_brain,spikes,Spikes,medium,6,SSIM,Type-1 NUFFT vs. Image-based,#DDCC77,0.9612662222525429
real_brain,spikes,Spikes,medium,7,SSIM,Type-1 NUFFT vs. Image-based,#DDCC77,0.9513468641695383
real_brain,spikes,Spikes,medium,8,SSIM,Type-1 NUFFT vs. Image-based,#DDCC77,0.9855200421765703
real_brain,spikes,Spikes,medium,9,SSIM,Type-1 NUFFT vs. Image-based,#DDCC77,0.961361215601402
real_brain,spikes,Spikes,medium,10,SSIM,Type-1 NUFFT vs. Image-based,#DDCC77,0.9157814035297253
real_brain,spikes,Spikes,medium,11,SSIM,Type-1 NUFFT vs. Image-based,#DDCC77,0.9556425409131415
real_brain,spikes,Spikes,medium,12,SSIM,Type-1 NUFFT vs. Image-based,#DDCC77,0.9537886406388347
real_brain,spikes,Spikes,medium,13,SSIM,Type-1 NUFFT vs. Image-based,#DDCC77,0.983980798757097
real_brain,spikes,Spikes,medium,14,SSIM,Type-1 NUFFT vs. Image-based,#DDCC77,0.9623601466699494
real_brain,spikes,Spikes,medium,15,SSIM,Type-1 NUFFT vs. Image-based,#DDCC77,0.9420457231264162
real_brain,spikes,Spikes,medium,16,SSIM,Type-1 NUFFT vs. Image-based,#DDCC77,0.9367265207599533
real_brain,spikes,Spikes,medium,17,SSIM,Type-1 NUFFT vs. Image-based,#DDCC77,0.9693035381780236
real_brain,spikes,Spikes,medium,18,SSIM,Type-1 NUFFT vs. Image-based,#DDCC77,0.9684876300873491
real_brain,spikes,Spikes,medium,19,SSIM,Type-1 NUFFT vs. Image-based,#DDCC77,0.9119402204629399
real_brain,spikes,Spikes,medium,20,SSIM,Type-1 NUFFT vs. Image-based,#DDCC77,0.9275510034345812
real_brain,spikes,Spikes,medium,1,SSIM,Type-1 NUFFT vs. Type-2 NUFFT,#807dba,0.9722273897046934
real_brain,spikes,Spikes,medium,2,SSIM,Type-1 NUFFT vs. Type-2 NUFFT,#807dba,0.9164550775391569
real_brain,spikes,Spikes,medium,3,SSIM,Type-1 NUFFT vs. Type-2 NUFFT,#807dba,0.9651719432876592
real_brain,spikes,Spikes,medium,4,SSIM,Type-1 NUFFT vs. Type-2 NUFFT,#807dba,0.9476316603568501
real_brain,spikes,Spikes,medium,5,SSIM,Type-1 NUFFT vs. Type-2 NUFFT,#807dba,0.9711812844199069
real_brain,spikes,Spikes,medium,6,SSIM,Type-1 NUFFT vs. Type-2 NUFFT,#807dba,0.9591370505843709
real_brain,spikes,Spikes,medium,7,SSIM,Type-1 NUFFT vs. Type-2 NUFFT,#807dba,0.9504391787594307
real_brain,spikes,Spikes,medium,8,SSIM,Type-1 NUFFT vs. Type-2 NUFFT,#807dba,0.9837731763761978
real_brain,spikes,Spikes,medium,9,SSIM,Type-1 NUFFT vs. Type-2 NUFFT,#807dba,0.9602742922426749
real_brain,spikes,Spikes,medium,10,SSIM,Type-1 NUFFT vs. Type-2 NUFFT,#807dba,0.9141835216301346
real_brain,spikes,Spikes,medium,11,SSIM,Type-1 NUFFT vs. Type-2 NUFFT,#807dba,0.9543512280394938
real_brain,spikes,Spikes,medium,12,SSIM,Type-1 NUFFT vs. Type-2 NUFFT,#807dba,0.9511150086806736
real_brain,spikes,Spikes,medium,13,SSIM,Type-1 NUFFT vs. Type-2 NUFFT,#807dba,0.9823684126929828
real_brain,spikes,Spikes,medium,14,SSIM,Type-1 NUFFT vs. Type-2 NUFFT,#807dba,0.9602946422056926
real_brain,spikes,Spikes,medium,15,SSIM,Type-1 NUFFT vs. Type-2 NUFFT,#807dba,0.9416397259283485
real_brain,spikes,Spikes,medium,16,SSIM,Type-1 NUFFT vs. Type-2 NUFFT,#807dba,0.934182554352996
real_brain,spikes,Spikes,medium,17,SSIM,Type-1 NUFFT vs. Type-2 NUFFT,#807dba,0.9678700609267085
real_brain,spikes,Spikes,medium,18,SSIM,Type-1 NUFFT vs. Type-2 NUFFT,#807dba,0.9664500736242504
real_brain,spikes,Spikes,medium,19,SSIM,Type-1 NUFFT vs. Type-2 NUFFT,#807dba,0.9115308668215645
real_brain,spikes,Spikes,medium,20,SSIM,Type-1 NUFFT vs. Type-2 NUFFT,#807dba,0.9259168639882316
real_brain,spikes,Spikes,medium,1,RMSD,Type-2 NUFFT vs. Image-based,#CC6677,0.002722501630028791
real_brain,spikes,Spikes,medium,2,RMSD,Type-2 NUFFT vs. Image-based,#CC6677,0.002732567740289535
real_brain,spikes,Spikes,medium,3,RMSD,Type-2 NUFFT vs. Image-based,#CC6677,0.0028482722411529264
real_brain,spikes,Spikes,medium,4,RMSD,Type-2 NUFFT vs. Image-based,#CC6677,0.002863747973124378
real_brain,spikes,Spikes,medium,5,RMSD,Type-2 NUFFT vs. Image-based,#CC6677,0.0023918426713518985
real_brain,spikes,Spikes,medium,6,RMSD,Type-2 NUFFT vs. Image-based,#CC6677,0.002651051978254987
real_brain,spikes,Spikes,medium,7,RMSD,Type-2 NUFFT vs. Image-based,#CC6677,0.0027197768458649663
real_brain,spikes,Spikes,medium,8,RMSD,Type-2 NUFFT vs. Image-based,#CC6677,0.0024908023224936987
real_brain,spikes,Spikes,medium,9,RMSD,Type-2 NUFFT vs. Image-based,#CC6677,0.002735104506927627
real_brain,spikes,Spikes,medium,10,RMSD,Type-2 NUFFT vs. Image-based,#CC6677,0.00228647156171444
real_brain,spikes,Spikes,medium,11,RMSD,Type-2 NUFFT vs. Image-based,#CC6677,0.0027333395853188056
real_brain,spikes,Spikes,medium,12,RMSD,Type-2 NUFFT vs. Image-based,#CC6677,0.0028985437288306087
real_brain,spikes,Spikes,medium,13,RMSD,Type-2 NUFFT vs. Image-based,#CC6677,0.0025257535908913597
real_brain,spikes,Spikes,medium,14,RMSD,Type-2 NUFFT vs. Image-based,#CC6677,0.0027489858347639197
real_brain,spikes,Spikes,medium,15,RMSD,Type-2 NUFFT vs. Image-based,#CC6677,0.0027084646913259638
real_brain,spikes,Spikes,medium,16,RMSD,Type-2 NUFFT vs. Image-based,#CC6677,0.002787975754445566
real_brain,spikes,Spikes,medium,17,RMSD,Type-2 NUFFT vs. Image-based,#CC6677,0.002688230316146764
real_brain,spikes,Spikes,medium,18,RMSD,Type-2 NUFFT vs. Image-based,#CC6677,0.0026401376141556468
real_brain,spikes,Spikes,medium,19,RMSD,Type-2 NUFFT vs. Image-based,#CC6677,0.004202513431215767
real_brain,spikes,Spikes,medium,20,RMSD,Type-2 NUFFT vs. Image-based,#CC6677,0.0024556934368308346
real_brain,spikes,Spikes,medium,1,RMSD,Type-1 NUFFT vs. Image-based,#DDCC77,0.014137367584589404
real_brain,spikes,Spikes,medium,2,RMSD,Type-1 NUFFT vs. Image-based,#DDCC77,0.02789375106862572
real_brain,spikes,Spikes,medium,3,RMSD,Type-1 NUFFT vs. Image-based,#DDCC77,0.016533652753865095
real_brain,spikes,Spikes,medium,4,RMSD,Type-1 NUFFT vs. Image-based,#DDCC77,0.02084060488672498
real_brain,spikes,Spikes,medium,5,RMSD,Type-1 NUFFT vs. Image-based,#DDCC77,0.014578320377381439
real_brain,spikes,Spikes,medium,6,RMSD,Type-1 NUFFT vs. Image-based,#DDCC77,0.01787817074195788
real_brain,spikes,Spikes,medium,7,RMSD,Type-1 NUFFT vs. Image-based,#DDCC77,0.019931953322838505
real_brain,spikes,Spikes,medium,8,RMSD,Type-1 NUFFT vs. Image-based,#DDCC77,0.010740074331082212
real_brain,spikes,Spikes,medium,9,RMSD,Type-1 NUFFT vs. Image-based,#DDCC77,0.01774150382866664
real_brain,spikes,Spikes,medium,10,RMSD,Type-1 NUFFT vs. Image-based,#DDCC77,0.03199021502551076
real_brain,spikes,Spikes,medium,11,RMSD,Type-1 NUFFT vs. Image-based,#DDCC77,0.019691711958109613
real_brain,spikes,Spikes,medium,12,RMSD,Type-1 NUFFT vs. Image-based,#DDCC77,0.02042427736053026
real_brain,spikes,Spikes,medium,13,RMSD,Type-1 NUFFT vs. Image-based,#DDCC77,0.011000719338763577
real_brain,spikes,Spikes,medium,14,RMSD,Type-1 NUFFT vs. Image-based,#DDCC77,0.017877647907020632
real_brain,spikes,Spikes,medium,15,RMSD,Type-1 NUFFT vs. Image-based,#DDCC77,0.02175418127137495
real_brain,spikes,Spikes,medium,16,RMSD,Type-1 NUFFT vs. Image-based,#DDCC77,0.023569954438439133
real_brain,spikes,Spikes,medium,17,RMSD,Type-1 NUFFT vs. Image-based,#DDCC77,0.015907113201084476
real_brain,spikes,Spikes,medium,18,RMSD,Type-1 NUFFT vs. Image-based,#DDCC77,0.016313377873972974
real_brain,spikes,Spikes,medium,19,RMSD,Type-1 NUFFT vs. Image-based,#DDCC77,0.04109204807859286
real_brain,spikes,Spikes,medium,20,RMSD,Type-1 NUFFT vs. Image-based,#DDCC77,0.025440601628749688
real_brain,spikes,Spikes,medium,1,RMSD,Type-1 NUFFT vs. Type-2 NUFFT,#807dba,0.014835442922136724
real_brain,spikes,Spikes,medium,2,RMSD,Type-1 NUFFT vs. Type-2 NUFFT,#807dba,0.028430018048867012
real_brain,spikes,Spikes,medium,3,RMSD,Type-1 NUFFT vs. Type-2 NUFFT,#807dba,0.01737346225955593
real_brain,spikes,Spikes,medium,4,RMSD,Type-1 NUFFT vs. Type-2 NUFFT,#807dba,0.02160519458272299
real_brain,spikes,Spikes,medium,5,RMSD,Type-1 NUFFT vs. Type-2 NUFFT,#807dba,0.01520826361659277
real_brain,spikes,Spikes,medium,6,RMSD,Type-1 NUFFT vs. Type-2 NUFFT,#807dba,0.01857842930412632
real_brain,spikes,Spikes,medium,7,RMSD,Type-1 NUFFT vs. Type-2 NUFFT,#807dba,0.020538717044531033
real_brain,spikes,Spikes,medium,8,RMSD,Type-1 NUFFT vs. Type-2 NUFFT,#807dba,0.011640686345154857
real_brain,spikes,Spikes,medium,9,RMSD,Type-1 NUFFT vs. Type-2 NUFFT,#807dba,0.018415865038757025
real_brain,spikes,Spikes,medium,10,RMSD,Type-1 NUFFT vs. Type-2 NUFFT,#807dba,0.03236564158186788
real_brain,spikes,Spikes,medium,11,RMSD,Type-1 NUFFT vs. Type-2 NUFFT,#807dba,0.02038130352279576
real_brain,spikes,Spikes,medium,12,RMSD,Type-1 NUFFT vs. Type-2 NUFFT,#807dba,0.021183600437320652
real_brain,spikes,Spikes,medium,13,RMSD,Type-1 NUFFT vs. Type-2 NUFFT,#807dba,0.01190733696782674
real_brain,spikes,Spikes,medium,14,RMSD,Type-1 NUFFT vs. Type-2 NUFFT,#807dba,0.018691872248120377
real_brain,spikes,Spikes,medium,15,RMSD,Type-1 NUFFT vs. Type-2 NUFFT,#807dba,0.022221242288301173
real_brain,spikes,Spikes,medium,16,RMSD,Type-1 NUFFT vs. Type-2 NUFFT,#807dba,0.024206684797713027
real_brain,spikes,Spikes,medium,17,RMSD,Type-1 NUFFT vs. Type-2 NUFFT,#807dba,0.016640344998038323
real_brain,spikes,Spikes,medium,18,RMSD,Type-1 NUFFT vs. Type-2 NUFFT,#807dba,0.01709271261583944
real_brain,spikes,Spikes,medium,19,RMSD,Type-1 NUFFT vs. Type-2 NUFFT,#807dba,0.041053739139831034
real_brain,spikes,Spikes,medium,20,RMSD,Type-1 NUFFT vs. Type-2 NUFFT,#807dba,0.025965403125298464
real_brain,spikes,Spikes,high,1,SSIM,Type-2 NUFFT vs. Image-based,#CC6677,0.9988630424123864
real_brain,spikes,Spikes,high,2,SSIM,Type-2 NUFFT vs. Image-based,#CC6677,0.9988774198288654
real_brain,spikes,Spikes,high,3,SSIM,Type-2 NUFFT vs. Image-based,#CC6677,0.9988119399491806
real_brain,spikes,Spikes,high,4,SSIM,Type-2 NUFFT vs. Image-based,#CC6677,0.9978611002520245
real_brain,spikes,Spikes,high,5,SSIM,Type-2 NUFFT vs. Image-based,#CC6677,0.9987839859860054
real_brain,spikes,Spikes,high,6,SSIM,Type-2 NUFFT vs. Image-based,#CC6677,0.9986085191549285
real_brain,spikes,Spikes,high,7,SSIM,Type-2 NUFFT vs. Image-based,#CC6677,0.9989356335303872
real_brain,spikes,Spikes,high,8,SSIM,Type-2 NUFFT vs. Image-based,#CC6677,0.9988956270068854
real_brain,spikes,Spikes,high,9,SSIM,Type-2 NUFFT vs. Image-based,#CC6677,0.9986938437691188
real_brain,spikes,Spikes,high,10,SSIM,Type-2 NUFFT vs. Image-based,#CC6677,0.9986529129732443
real_brain,spikes,Spikes,high,11,SSIM,Type-2 NUFFT vs. Image-based,#CC6677,0.9988076323063146
real_brain,spikes,Spikes,high,12,SSIM,Type-2 NUFFT vs. Image-based,#CC6677,0.9984469278574661
real_brain,spikes,Spikes,high,13,SSIM,Type-2 NUFFT vs. Image-based,#CC6677,0.9986668032115568
real_brain,spikes,Spikes,high,14,SSIM,Type-2 NUFFT vs. Image-based,#CC6677,0.998558167316593
real_brain,spikes,Spikes,high,15,SSIM,Type-2 NUFFT vs. Image-based,#CC6677,0.9986415571646037
real_brain,spikes,Spikes,high,16,SSIM,Type-2 NUFFT vs. Image-based,#CC6677,0.9987204111766189
real_brain,spikes,Spikes,high,17,SSIM,Type-2 NUFFT vs. Image-based,#CC6677,0.9987952824600614
real_brain,spikes,Spikes,high,18,SSIM,Type-2 NUFFT vs. Image-based,#CC6677,0.9987360359327517
real_brain,spikes,Spikes,high,19,SSIM,Type-2 NUFFT vs. Image-based,#CC6677,0.9986993256390863
real_brain,spikes,Spikes,high,20,SSIM,Type-2 NUFFT vs. Image-based,#CC6677,0.9985773472655646
real_brain,spikes,Spikes,high,1,SSIM,Type-1 NUFFT vs. Image-based,#DDCC77,0.9173789351094146
real_brain,spikes,Spikes,high,2,SSIM,Type-1 NUFFT vs. Image-based,#DDCC77,0.8875450098395474
real_brain,spikes,Spikes,high,3,SSIM,Type-1 NUFFT vs. Image-based,#DDCC77,0.88496905929132
real_brain,spikes,Spikes,high,4,SSIM,Type-1 NUFFT vs. Image-based,#DDCC77,0.9063626116597607
real_brain,spikes,Spikes,high,5,SSIM,Type-1 NUFFT vs. Image-based,#DDCC77,0.9586233552313381
real_brain,spikes,Spikes,high,6,SSIM,Type-1 NUFFT vs. Image-based,#DDCC77,0.940583834798233
real_brain,spikes,Spikes,high,7,SSIM,Type-1 NUFFT vs. Image-based,#DDCC77,0.8931070178652164
real_brain,spikes,Spikes,high,8,SSIM,Type-1 NUFFT vs. Image-based,#DDCC77,0.9353577439187791
real_brain,spikes,Spikes,high,9,SSIM,Type-1 NUFFT vs. Image-based,#DDCC77,0.9418127732198884
real_brain,spikes,Spikes,high,10,SSIM,Type-1 NUFFT vs. Image-based,#DDCC77,0.9740955495468503
real_brain,spikes,Spikes,high,11,SSIM,Type-1 NUFFT vs. Image-based,#DDCC77,0.916919596761311
real_brain,spikes,Spikes,high,12,SSIM,Type-1 NUFFT vs. Image-based,#DDCC77,0.9377334187020735
real_brain,spikes,Spikes,high,13,SSIM,Type-1 NUFFT vs. Image-based,#DDCC77,0.9185956018204254
real_brain,spikes,Spikes,high,14,SSIM,Type-1 NUFFT vs. Image-based,#DDCC77,0.9392337496848547
real_brain,spikes,Spikes,high,15,SSIM,Type-1 NUFFT vs. Image-based,#DDCC77,0.9520879919634437
real_brain,spikes,Spikes,high,16,SSIM,Type-1 NUFFT vs. Image-based,#DDCC77,0.9075405464830572
real_brain,spikes,Spikes,high,17,SSIM,Type-1 NUFFT vs. Image-based,#DDCC77,0.8817835989864863
real_brain,spikes,Spikes,high,18,SSIM,Type-1 NUFFT vs. Image-based,#DDCC77,0.9272239127602973
real_brain,spikes,Spikes,high,19,SSIM,Type-1 NUFFT vs. Image-based,#DDCC77,0.9449496984557971
real_brain,spikes,Spikes,high,20,SSIM,Type-1 NUFFT vs. Image-based,#DDCC77,0.9715033928143569
real_brain,spikes,Spikes,high,1,SSIM,Type-1 NUFFT vs. Type-2 NUFFT,#807dba,0.9150954049348048
real_brain,spikes,Spikes,high,2,SSIM,Type-1 NUFFT vs. Type-2 NUFFT,#807dba,0.8859612287405141
real_brain,spikes,Spikes,high,3,SSIM,Type-1 NUFFT vs. Type-2 NUFFT,#807dba,0.8827618480346534
real_brain,spikes,Spikes,high,4,SSIM,Type-1 NUFFT vs. Type-2 NUFFT,#807dba,0.906707622647155
real_brain,spikes,Spikes,high,5,SSIM,Type-1 NUFFT vs. Type-2 NUFFT,#807dba,0.9563045632620117
real_brain,spikes,Spikes,high,6,SSIM,Type-1 NUFFT vs. Type-2 NUFFT,#807dba,0.9391229167871001
real_brain,spikes,Spikes,high,7,SSIM,Type-1 NUFFT vs. Type-2 NUFFT,#807dba,0.8906413807595199
real_brain,spikes,Spikes,high,8,SSIM,Type-1 NUFFT vs. Type-2 NUFFT,#807dba,0.9326377977089573
real_brain,spikes,Spikes,high,9,SSIM,Type-1 NUFFT vs. Type-2 NUFFT,#807dba,0.9391141151627759
real_brain,spikes,Spikes,high,10,SSIM,Type-1 NUFFT vs. Type-2 NUFFT,#807dba,0.9717175649494313
real_brain,spikes,Spikes,high,11,SSIM,Type-1 NUFFT vs. Type-2 NUFFT,#807dba,0.9148450317448839
real_brain,spikes,Spikes,high,12,SSIM,Type-1 NUFFT vs. Type-2 NUFFT,#807dba,0.9349694989483909
real_brain,spikes,Spikes,high,13,SSIM,Type-1 NUFFT vs. Type-2 NUFFT,#807dba,0.9178348266862546
real_brain,spikes,Spikes,high,14,SSIM,Type-1 NUFFT vs. Type-2 NUFFT,#807dba,0.9378641845819
real_brain,spikes,Spikes,high,15,SSIM,Type-1 NUFFT vs. Type-2 NUFFT,#807dba,0.9495205074756128
real_brain,spikes,Spikes,high,16,SSIM,Type-1 NUFFT vs. Type-2 NUFFT,#807dba,0.9060506966895037
real_brain,spikes,Spikes,high,17,SSIM,Type-1 NUFFT vs. Type-2 NUFFT,#807dba,0.8793321227272853
real_brain,spikes,Spikes,high,18,SSIM,Type-1 NUFFT vs. Type-2 NUFFT,#807dba,0.9260218288491123
real_brain,spikes,Spikes,high,19,SSIM,Type-1 NUFFT vs. Type-2 NUFFT,#807dba,0.9421616039127247
real_brain,spikes,Spikes,high,20,SSIM,Type-1 NUFFT vs. Type-2 NUFFT,#807dba,0.9690710247649154
real_brain,spikes,Spikes,high,1,RMSD,Type-2 NUFFT vs. Image-based,#CC6677,0.003247194273683879
real_brain,spikes,Spikes,high,2,RMSD,Type-2 NUFFT vs. Image-based,#CC6677,0.0032419369600896193
real_brain,spikes,Spikes,high,3,RMSD,Type-2 NUFFT vs. Image-based,#CC6677,0.0033223087187932787
real_brain,spikes,Spikes,high,4,RMSD,Type-2 NUFFT vs. Image-based,#CC6677,0.0035536010395565364
real_brain,spikes,Spikes,high,5,RMSD,Type-2 NUFFT vs. Image-based,#CC6677,0.003041852067800554
real_brain,spikes,Spikes,high,6,RMSD,Type-2 NUFFT vs. Image-based,#CC6677,0.0032976627627892886
real_brain,spikes,Spikes,high,7,RMSD,Type-2 NUFFT vs. Image-based,#CC6677,0.0032339259691526226
real_brain,spikes,Spikes,high,8,RMSD,Type-2 NUFFT vs. Image-based,#CC6677,0.0030755413325967247
real_brain,spikes,Spikes,high,9,RMSD,Type-2 NUFFT vs. Image-based,#CC6677,0.0032751736381056084
real_brain,spikes,Spikes,high,10,RMSD,Type-2 NUFFT vs. Image-based,#CC6677,0.0029427851570263536
real_brain,spikes,Spikes,high,11,RMSD,Type-2 NUFFT vs. Image-based,#CC6677,0.0031852421094213613
real_brain,spikes,Spikes,high,12,RMSD,Type-2 NUFFT vs. Image-based,#CC6677,0.003300332654287729
real_brain,spikes,Spikes,high,13,RMSD,Type-2 NUFFT vs. Image-based,#CC6677,0.003072708160960458
real_brain,spikes,Spikes,high,14,RMSD,Type-2 NUFFT vs. Image-based,#CC6677,0.0032568551581795956
real_brain,spikes,Spikes,high,15,RMSD,Type-2 NUFFT vs. Image-based,#CC6677,0.003238509518994173
real_brain,spikes,Spikes,high,16,RMSD,Type-2 NUFFT vs. Image-based,#CC6677,0.003521133050440596
real_brain,spikes,Spikes,high,17,RMSD,Type-2 NUFFT vs. Image-based,#CC6677,0.003237128911595159
real_brain,spikes,Spikes,high,18,RMSD,Type-2 NUFFT vs. Image-based,#CC6677,0.0032102842871415756
real_brain,spikes,Spikes,high,19,RMSD,Type-2 NUFFT vs. Image-based,#CC6677,0.0032643901535418054
real_brain,spikes,Spikes,high,20,RMSD,Type-2 NUFFT vs. Image-based,#CC6677,0.003038955553665434
real_brain,spikes,Spikes,high,1,RMSD,Type-1 NUFFT vs. Image-based,#DDCC77,0.030425550211604414
real_brain,spikes,Spikes,high,2,RMSD,Type-1 NUFFT vs. Image-based,#DDCC77,0.03679540684658228
real_brain,spikes,Spikes,high,3,RMSD,Type-1 NUFFT vs. Image-based,#DDCC77,0.03658500349361994
real_brain,spikes,Spikes,high,4,RMSD,Type-1 NUFFT vs. Image-based,#DDCC77,0.030863137112111458
real_brain,spikes,Spikes,high,5,RMSD,Type-1 NUFFT vs. Image-based,#DDCC77,0.01928295641980932
real_brain,spikes,Spikes,high,6,RMSD,Type-1 NUFFT vs. Image-based,#DDCC77,0.02342737174154502
real_brain,spikes,Spikes,high,7,RMSD,Type-1 NUFFT vs. Image-based,#DDCC77,0.03442949737570815
real_brain,spikes,Spikes,high,8,RMSD,Type-1 NUFFT vs. Image-based,#DDCC77,0.02663118613529854
real_brain,spikes,Spikes,high,9,RMSD,Type-1 NUFFT vs. Image-based,#DDCC77,0.023918186548606675
real_brain,spikes,Spikes,high,10,RMSD,Type-1 NUFFT vs. Image-based,#DDCC77,0.015223854702061834
real_brain,spikes,Spikes,high,11,RMSD,Type-1 NUFFT vs. Image-based,#DDCC77,0.030521261718744797
real_brain,spikes,Spikes,high,12,RMSD,Type-1 NUFFT vs. Image-based,#DDCC77,0.0260698932338888
real_brain,spikes,Spikes,high,13,RMSD,Type-1 NUFFT vs. Image-based,#DDCC77,0.02863637825070907
real_brain,spikes,Spikes,high,14,RMSD,Type-1 NUFFT vs. Image-based,#DDCC77,0.02379288678919011
real_brain,spikes,Spikes,high,15,RMSD,Type-1 NUFFT vs. Image-based,#DDCC77,0.020827482047522338
real_brain,spikes,Spikes,high,16,RMSD,Type-1 NUFFT vs. Image-based,#DDCC77,0.032130193355601806
real_brain,spikes,Spikes,high,17,RMSD,Type-1 NUFFT vs. Image-based,#DDCC77,0.039512526210764544
real_brain,spikes,Spikes,high,18,RMSD,Type-1 NUFFT vs. Image-based,#DDCC77,0.026156241827961266
real_brain,spikes,Spikes,high,19,RMSD,Type-1 NUFFT vs. Image-based,#DDCC77,0.02370872747644661
real_brain,spikes,Spikes,high,20,RMSD,Type-1 NUFFT vs. Image-based,#DDCC77,0.01575598366384895
real_brain,spikes,Spikes,high,1,RMSD,Type-1 NUFFT vs. Type-2 NUFFT,#807dba,0.031148267432146555
real_brain,spikes,Spikes,high,2,RMSD,Type-1 NUFFT vs. Type-2 NUFFT,#807dba,0.03728450706545839
real_brain,spikes,Spikes,high,3,RMSD,Type-1 NUFFT vs. Type-2 NUFFT,#807dba,0.03727396577794098
real_brain,spikes,Spikes,high,4,RMSD,Type-1 NUFFT vs. Type-2 NUFFT,#807dba,0.03132360957011102
real_brain,spikes,Spikes,high,5,RMSD,Type-1 NUFFT vs. Type-2 NUFFT,#807dba,0.02020414327671942
real_brain,spikes,Spikes,high,6,RMSD,Type-1 NUFFT vs. Type-2 NUFFT,#807dba,0.024148540271188304
real_brain,spikes,Spikes,high,7,RMSD,Type-1 NUFFT vs. Type-2 NUFFT,#807dba,0.03516513744730268
real_brain,spikes,Spikes,high,8,RMSD,Type-1 NUFFT vs. Type-2 NUFFT,#807dba,0.027341401847051475
real_brain,spikes,Spikes,high,9,RMSD,Type-1 NUFFT vs. Type-2 NUFFT,#807dba,0.024762635654378754
real_brain,spikes,Spikes,high,10,RMSD,Type-1 NUFFT vs. Type-2 NUFFT,#807dba,0.016272843398130996
real_brain,spikes,Spikes,high,11,RMSD,Type-1 NUFFT vs. Type-2 NUFFT,#807dba,0.031251239277949865
real_brain,spikes,Spikes,high,12,RMSD,Type-1 NUFFT vs. Type-2 NUFFT,#807dba,0.0268768353006571
real_brain,spikes,Spikes,high,13,RMSD,Type-1 NUFFT vs. Type-2 NUFFT,#807dba,0.029122211293713555
real_brain,spikes,Spikes,high,14,RMSD,Type-1 NUFFT vs. Type-2 NUFFT,#807dba,0.02451762612247564
real_brain,spikes,Spikes,high,15,RMSD,Type-1 NUFFT vs. Type-2 NUFFT,#807dba,0.021768621348311926
real_brain,spikes,Spikes,high,16,RMSD,Type-1 NUFFT vs. Type-2 NUFFT,#807dba,0.032826273845643614
real_brain,spikes,Spikes,high,17,RMSD,Type-1 NUFFT vs. Type-2 NUFFT,#807dba,0.04015250284097469
real_brain,spikes,Spikes,high,18,RMSD,Type-1 NUFFT vs. Type-2 NUFFT,#807dba,0.026745992942555228
real_brain,spikes,Spikes,high,19,RMSD,Type-1 NUFFT vs. Type-2 NUFFT,#807dba,0.024588391148298208
real_brain,spikes,Spikes,high,20,RMSD,Type-1 NUFFT vs. Type-2 NUFFT,#807dba,0.016842401909442934
real_brain,stepwise,Step-wise,low,1,SSIM,Type-2 NUFFT vs. Image-based,#CC6677,0.983657011536442
real_brain,stepwise,Step-wise,low,2,SSIM,Type-2 NUFFT vs. Image-based,#CC6677,0.9850494019383693
real_brain,stepwise,Step-wise,low,3,SSIM,Type-2 NUFFT vs. Image-based,#CC6677,0.9842965730607609
real_brain,stepwise,Step-wise,low,4,SSIM,Type-2 NUFFT vs. Image-based,#CC6677,0.9858581626058027
real_brain,stepwise,Step-wise,low,5,SSIM,Type-2 NUFFT vs. Image-based,#CC6677,0.9834897728126445
real_brain,stepwise,Step-wise,low,6,SSIM,Type-2 NUFFT vs. Image-based,#CC6677,0.9831909554865794
real_brain,stepwise,Step-wise,low,7,SSIM,Type-2 NUFFT vs. Image-based,#CC6677,0.9878393236170276
real_brain,stepwise,Step-wise,low,8,SSIM,Type-2 NUFFT vs. Image-based,#CC6677,0.9878797628842286
real_brain,stepwise,Step-wise,low,9,SSIM,Type-2 NUFFT vs. Image-based,#CC6677,0.9853781559297609
real_brain,stepwise,Step-wise,low,10,SSIM,Type-2 NUFFT vs. Image-based,#CC6677,0.9864568995108417
real_brain,stepwise,Step-wise,low,11,SSIM,Type-2 NUFFT vs. Image-based,#CC6677,0.985265335342019
real_brain,stepwise,Step-wise,low,12,SSIM,Type-2 NUFFT vs. Image-based,#CC6677,0.9830933215078175
real_brain,stepwise,Step-wise,low,13,SSIM,Type-2 NUFFT vs. Image-based,#CC6677,0.9860533806659536
real_brain,stepwise,Step-wise,low,14,SSIM,Type-2 NUFFT vs. Image-based,#CC6677,0.9859132648214424
real_brain,stepwise,Step-wise,low,15,SSIM,Type-2 NUFFT vs. Image-based,#CC6677,0.9882186507510113
real_brain,stepwise,Step-wise,low,16,SSIM,Type-2 NUFFT vs. Image-based,#CC6677,0.9892984007897038
real_brain,stepwise,Step-wise,low,17,SSIM,Type-2 NUFFT vs. Image-based,#CC6677,0.984823714137928
real_brain,stepwise,Step-wise,low,18,SSIM,Type-2 NUFFT vs. Image-based,#CC6677,0.9845016379545811
real_brain,stepwise,Step-wise,low,19,SSIM,Type-2 NUFFT vs. Image-based,#CC6677,0.9849872391988586
real_brain,stepwise,Step-wise,low,20,SSIM,Type-2 NUFFT vs. Image-based,#CC6677,0.9831169511748714
real_brain,stepwise,Step-wise,low,1,SSIM,Type-1 NUFFT vs. Image-based,#DDCC77,0.981057155291261
real_brain,stepwise,Step-wise,low,2,SSIM,Type-1 NUFFT vs. Image-based,#DDCC77,0.9726048200844547
real_brain,stepwise,Step-wise,low,3,SSIM,Type-1 NUFFT vs. Image-based,#DDCC77,0.9603477673775999
real_brain,stepwise,Step-wise,low,4,SSIM,Type-1 NUFFT vs. Image-based,#DDCC77,0.9737869858443926
real_brain,stepwise,Step-wise,low,5,SSIM,Type-1 NUFFT vs. Image-based,#DDCC77,0.9792497550515727
real_brain,stepwise,Step-wise,low,6,SSIM,Type-1 NUFFT vs. Image-based,#DDCC77,0.9803832555029128
real_brain,stepwise,Step-wise,low,7,SSIM,Type-1 NUFFT vs. Image-based,#DDCC77,0.9844594757137315
real_brain,stepwise,Step-wise,low,8,SSIM,Type-1 NUFFT vs. Image-based,#DDCC77,0.9807071596363778
real_brain,stepwise,Step-wise,low,9,SSIM,Type-1 NUFFT vs. Image-based,#DDCC77,0.9778968220260582
real_brain,stepwise,Step-wise,low,10,SSIM,Type-1 NUFFT vs. Image-based,#DDCC77,0.9750129412012999
real_brain,stepwise,Step-wise,low,11,SSIM,Type-1 NUFFT vs. Image-based,#DDCC77,0.9800732720717104
real_brain,stepwise,Step-wise,low,12,SSIM,Type-1 NUFFT vs. Image-based,#DDCC77,0.9726828864319018
real_brain,stepwise,Step-wise,low,13,SSIM,Type-1 NUFFT vs. Image-based,#DDCC77,0.9624048515414276
real_brain,stepwise,Step-wise,low,14,SSIM,Type-1 NUFFT vs. Image-based,#DDCC77,0.982295761043912
real_brain,stepwise,Step-wise,low,15,SSIM,Type-1 NUFFT vs. Image-based,#DDCC77,0.9683480246941679
real_brain,stepwise,Step-wise,low,16,SSIM,Type-1 NUFFT vs. Image-based,#DDCC77,0.979401764436247
real_brain,stepwise,Step-wise,low,17,SSIM,Type-1 NUFFT vs. Image-based,#DDCC77,0.96406957769168
real_brain,stepwise,Step-wise,low,18,SSIM,Type-1 NUFFT vs. Image-based,#DDCC77,0.9773256118421065
real_brain,stepwise,Step-wise,low,19,SSIM,Type-1 NUFFT vs. Image-based,#DDCC77,0.9765085185073957
real_brain,stepwise,Step-wise,low,20,SSIM,Type-1 NUFFT vs. Image-based,#DDCC77,0.9790359852176784
real_brain,stepwise,Step-wise,low,1,SSIM,Type-1 NUFFT vs. Type-2 NUFFT,#807dba,0.995991726181391
real_brain,stepwise,Step-wise,low,2,SSIM,Type-1 NUFFT vs. Type-2 NUFFT,#807dba,0.9869034972296796
real_brain,stepwise,Step-wise,low,3,SSIM,Type-1 NUFFT vs. Type-2 NUFFT,#807dba,0.9776926820907178
real_brain,stepwise,Step-wise,low,4,SSIM,Type-1 NUFFT vs. Type-2 NUFFT,#807dba,0.9894136270513413
real_brain,stepwise,Step-wise,low,5,SSIM,Type-1 NUFFT vs. Type-2 NUFFT,#807dba,0.993848328756604
real_brain,stepwise,Step-wise,low,6,SSIM,Type-1 NUFFT vs. Type-2 NUFFT,#807dba,0.9963339093947932
real_brain,stepwise,Step-wise,low,7,SSIM,Type-1 NUFFT vs. Type-2 NUFFT,#807dba,0.9963722497569832
real_brain,stepwise,Step-wise,low,8,SSIM,Type-1 NUFFT vs. Type-2 NUFFT,#807dba,0.9935343223875345
real_brain,stepwise,Step-wise,low,9,SSIM,Type-1 NUFFT vs. Type-2 NUFFT,#807dba,0.993327303851115
real_brain,stepwise,Step-wise,low,10,SSIM,Type-1 NUFFT vs. Type-2 NUFFT,#807dba,0.9896874894996398
real_brain,stepwise,Step-wise,low,11,SSIM,Type-1 NUFFT vs. Type-2 NUFFT,#807dba,0.9942247373051663
real_brain,stepwise,Step-wise,low,12,SSIM,Type-1 NUFFT vs. Type-2 NUFFT,#807dba,0.9905086778731804
real_brain,stepwise,Step-wise,low,13,SSIM,Type-1 NUFFT vs. Type-2 NUFFT,#807dba,0.9784709530730642
real_brain,stepwise,Step-wise,low,14,SSIM,Type-1 NUFFT vs. Type-2 NUFFT,#807dba,0.9953853068918047
real_brain,stepwise,Step-wise,low,15,SSIM,Type-1 NUFFT vs. Type-2 NUFFT,#807dba,0.9823138264951039
real_brain,stepwise,Step-wise,low,16,SSIM,Type-1 NUFFT vs. Type-2 NUFFT,#807dba,0.9918259784661644
real_brain,stepwise,Step-wise,low,17,SSIM,Type-1 NUFFT vs. Type-2 NUFFT,#807dba,0.981523971436834
real_brain,stepwise,Step-wise,low,18,SSIM,Type-1 NUFFT vs. Type-2 NUFFT,#807dba,0.9929074526938796
real_brain,stepwise,Step-wise,low,19,SSIM,Type-1 NUFFT vs. Type-2 NUFFT,#807dba,0.9905609903742982
real_brain,stepwise,Step-wise,low,20,SSIM,Type-1 NUFFT vs. Type-2 NUFFT,#807dba,0.9926677023566494
real_brain,stepwise,Step-wise,low,1,RMSD,Type-2 NUFFT vs. Image-based,#CC6677,0.029328535167344724
real_brain,stepwise,Step-wise,low,2,RMSD,Type-2 NUFFT vs. Image-based,#CC6677,0.025930209955415822
real_brain,stepwise,Step-wise,low,3,RMSD,Type-2 NUFFT vs. Image-based,#CC6677,0.0254569189331146
real_brain,stepwise,Step-wise,low,4,RMSD,Type-2 NUFFT vs. Image-based,#CC6677,0.026670869142065134
real_brain,stepwise,Step-wise,low,5,RMSD,Type-2 NUFFT vs. Image-based,#CC6677,0.029032735777476514
real_brain,stepwise,Step-wise,low,6,RMSD,Type-2 NUFFT vs. Image-based,#CC6677,0.02771056693041851
real_brain,stepwise,Step-wise,low,7,RMSD,Type-2 NUFFT vs. Image-based,#CC6677,0.024261385207916705
real_brain,stepwise,Step-wise,low,8,RMSD,Type-2 NUFFT vs. Image-based,#CC6677,0.02541347824237086
real_brain,stepwise,Step-wise,low,9,RMSD,Type-2 NUFFT vs. Image-based,#CC6677,0.02625555336554151
real_brain,stepwise,Step-wise,low,10,RMSD,Type-2 NUFFT vs. Image-based,#CC6677,0.02663648226768694
real_brain,stepwise,Step-wise,low,11,RMSD,Type-2 NUFFT vs. Image-based,#CC6677,0.0273644654754388
real_brain,stepwise,Step-wise,low,12,RMSD,Type-2 NUFFT vs. Image-based,#CC6677,0.026686444592515148
real_brain,stepwise,Step-wise,low,13,RMSD,Type-2 NUFFT vs. Image-based,#CC6677,0.02617608063487773
real_brain,stepwise,Step-wise,low,14,RMSD,Type-2 NUFFT vs. Image-based,#CC6677,0.026082219304574647
real_brain,stepwise,Step-wise,low,15,RMSD,Type-2 NUFFT vs. Image-based,#CC6677,0.024219936661412332
real_brain,stepwise,Step-wise,low,16,RMSD,Type-2 NUFFT vs. Image-based,#CC6677,0.02443261606994047
real_brain,stepwise,Step-wise,low,17,RMSD,Type-2 NUFFT vs. Image-based,#CC6677,0.025511326467896122
real_brain,stepwise,Step-wise,low,18,RMSD,Type-2 NUFFT vs. Image-based,#CC6677,0.025146204845812006
real_brain,stepwise,Step-wise,low,19,RMSD,Type-2 NUFFT vs. Image-based,#CC6677,0.027770710013860566
real_brain,stepwise,Step-wise,low,20,RMSD,Type-2 NUFFT vs. Image-based,#CC6677,0.0266141173150778
real_brain,stepwise,Step-wise,low,1,RMSD,Type-1 NUFFT vs. Image-based,#DDCC77,0.029529047662920506
real_brain,stepwise,Step-wise,low,2,RMSD,Type-1 NUFFT vs. Image-based,#DDCC77,0.02696409057798967
real_brain,stepwise,Step-wise,low,3,RMSD,Type-1 NUFFT vs. Image-based,#DDCC77,0.026682414912174893
real_brain,stepwise,Step-wise,low,4,RMSD,Type-1 NUFFT vs. Image-based,#DDCC77,0.027275970877252732
real_brain,stepwise,Step-wise,low,5,RMSD,Type-1 NUFFT vs. Image-based,#DDCC77,0.02922248032882269
real_brain,stepwise,Step-wise,low,6,RMSD,Type-1 NUFFT vs. Image-based,#DDCC77,0.027991198962554954
real_brain,stepwise,Step-wise,low,7,RMSD,Type-1 NUFFT vs. Image-based,#DDCC77,0.02450386568110072
real_brain,stepwise,Step-wise,low,8,RMSD,Type-1 NUFFT vs. Image-based,#DDCC77,0.02584593730522061
real_brain,stepwise,Step-wise,low,9,RMSD,Type-1 NUFFT vs. Image-based,#DDCC77,0.02681587018358258
real_brain,stepwise,Step-wise,low,10,RMSD,Type-1 NUFFT vs. Image-based,#DDCC77,0.027066519848440274
real_brain,stepwise,Step-wise,low,11,RMSD,Type-1 NUFFT vs. Image-based,#DDCC77,0.027814075537368137
real_brain,stepwise,Step-wise,low,12,RMSD,Type-1 NUFFT vs. Image-based,#DDCC77,0.027452266317894276
real_brain,stepwise,Step-wise,low,13,RMSD,Type-1 NUFFT vs. Image-based,#DDCC77,0.027386743673046207
real_brain,stepwise,Step-wise,low,14,RMSD,Type-1 NUFFT vs. Image-based,#DDCC77,0.02635111978171414
real_brain,stepwise,Step-wise,low,15,RMSD,Type-1 NUFFT vs. Image-based,#DDCC77,0.02519004147886629
real_brain,stepwise,Step-wise,low,16,RMSD,Type-1 NUFFT vs. Image-based,#DDCC77,0.024820946691704242
real_brain,stepwise,Step-wise,low,17,RMSD,Type-1 NUFFT vs. Image-based,#DDCC77,0.026589449980606458
real_brain,stepwise,Step-wise,low,18,RMSD,Type-1 NUFFT vs. Image-based,#DDCC77,0.02559748122463374
real_brain,stepwise,Step-wise,low,19,RMSD,Type-1 NUFFT vs. Image-based,#DDCC77,0.02834713578621324
real_brain,stepwise,Step-wise,low,20,RMSD,Type-1 NUFFT vs. Image-based,#DDCC77,0.02691121820538399
real_brain,stepwise,Step-wise,low,1,RMSD,Type-1 NUFFT vs. Type-2 NUFFT,#807dba,0.005359645973162557
real_brain,stepwise,Step-wise,low,2,RMSD,Type-1 NUFFT vs. Type-2 NUFFT,#807dba,0.008620975170402214
real_brain,stepwise,Step-wise,low,3,RMSD,Type-1 NUFFT vs. Type-2 NUFFT,#807dba,0.00948465991087025
real_brain,stepwise,Step-wise,low,4,RMSD,Type-1 NUFFT vs. Type-2 NUFFT,#807dba,0.006635480927317862
real_brain,stepwise,Step-wise,low,5,RMSD,Type-1 NUFFT vs. Type-2 NUFFT,#807dba,0.005265523586610151
real_brain,stepwise,Step-wise,low,6,RMSD,Type-1 NUFFT vs. Type-2 NUFFT,#807dba,0.00511866530454849
real_brain,stepwise,Step-wise,low,7,RMSD,Type-1 NUFFT vs. Type-2 NUFFT,#807dba,0.00447797861184399
real_brain,stepwise,Step-wise,low,8,RMSD,Type-1 NUFFT vs. Type-2 NUFFT,#807dba,0.005540729601518323
real_brain,stepwise,Step-wise,low,9,RMSD,Type-1 NUFFT vs. Type-2 NUFFT,#807dba,0.006250097954760102
real_brain,stepwise,Step-wise,low,10,RMSD,Type-1 NUFFT vs. Type-2 NUFFT,#807dba,0.005690536545535544
real_brain,stepwise,Step-wise,low,11,RMSD,Type-1 NUFFT vs. Type-2 NUFFT,#807dba,0.006125347998094019
real_brain,stepwise,Step-wise,low,12,RMSD,Type-1 NUFFT vs. Type-2 NUFFT,#807dba,0.007367410914491673
real_brain,stepwise,Step-wise,low,13,RMSD,Type-1 NUFFT vs. Type-2 NUFFT,#807dba,0.008616856703320862
real_brain,stepwise,Step-wise,low,14,RMSD,Type-1 NUFFT vs. Type-2 NUFFT,#807dba,0.005482291442520884
real_brain,stepwise,Step-wise,low,15,RMSD,Type-1 NUFFT vs. Type-2 NUFFT,#807dba,0.007410202675376094
real_brain,stepwise,Step-wise,low,16,RMSD,Type-1 NUFFT vs. Type-2 NUFFT,#807dba,0.004997207533486135
real_brain,stepwise,Step-wise,low,17,RMSD,Type-1 NUFFT vs. Type-2 NUFFT,#807dba,0.008374884671973537
real_brain,stepwise,Step-wise,low,18,RMSD,Type-1 NUFFT vs. Type-2 NUFFT,#807dba,0.006273578834470106
real_brain,stepwise,Step-wise,low,19,RMSD,Type-1 NUFFT vs. Type-2 NUFFT,#807dba,0.006516542650406375
real_brain,stepwise,Step-wise,low,20,RMSD,Type-1 NUFFT vs. Type-2 NUFFT,#807dba,0.007199318795440778
real_brain,stepwise,Step-wise,medium,1,SSIM,Type-2 NUFFT vs. Image-based,#CC6677,0.9832772443966824
real_brain,stepwise,Step-wise,medium,2,SSIM,Type-2 NUFFT vs. Image-based,#CC6677,0.979763278547702
real_brain,stepwise,Step-wise,medium,3,SSIM,Type-2 NUFFT vs. Image-based,#CC6677,0.9817592051592414
real_brain,stepwise,Step-wise,medium,4,SSIM,Type-2 NUFFT vs. Image-based,#CC6677,0.981902213651382
real_brain,stepwise,Step-wise,medium,5,SSIM,Type-2 NUFFT vs. Image-based,#CC6677,0.9827351281717517
real_brain,stepwise,Step-wise,medium,6,SSIM,Type-2 NUFFT vs. Image-based,#CC6677,0.98094201952953
real_brain,stepwise,Step-wise,medium,7,SSIM,Type-2 NUFFT vs. Image-based,#CC6677,0.9799945146029158
real_brain,stepwise,Step-wise,medium,8,SSIM,Type-2 NUFFT vs. Image-based,#CC6677,0.9829073931284249
real_brain,stepwise,Step-wise,medium,9,SSIM,Type-2 NUFFT vs. Image-based,#CC6677,0.9830553385093893
real_brain,stepwise,Step-wise,medium,10,SSIM,Type-2 NUFFT vs. Image-based,#CC6677,0.9818904817205748
real_brain,stepwise,Step-wise,medium,11,SSIM,Type-2 NUFFT vs. Image-based,#CC6677,0.9820258677933699
real_brain,stepwise,Step-wise,medium,12,SSIM,Type-2 NUFFT vs. Image-based,#CC6677,0.9781206407010888
real_brain,stepwise,Step-wise,medium,13,SSIM,Type-2 NUFFT vs. Image-based,#CC6677,0.9837802888943354
real_brain,stepwise,Step-wise,medium,14,SSIM,Type-2 NUFFT vs. Image-based,#CC6677,0.9810415545973837
real_brain,stepwise,Step-wise,medium,15,SSIM,Type-2 NUFFT vs. Image-based,#CC6677,0.9828034394797631
real_brain,stepwise,Step-wise,medium,16,SSIM,Type-2 NUFFT vs. Image-based,#CC6677,0.9841216502748505
real_brain,stepwise,Step-wise,medium,17,SSIM,Type-2 NUFFT vs. Image-based,#CC6677,0.9835570556189411
real_brain,stepwise,Step-wise,medium,18,SSIM,Type-2 NUFFT vs. Image-based,#CC6677,0.9771285671868364
real_brain,stepwise,Step-wise,medium,19,SSIM,Type-2 NUFFT vs. Image-based,#CC6677,0.9842976640499022
real_brain,stepwise,Step-wise,medium,20,SSIM,Type-2 NUFFT vs. Image-based,#CC6677,0.9841956715378762
real_brain,stepwise,Step-wise,medium,1,SSIM,Type-1 NUFFT vs. Image-based,#DDCC77,0.965506915574633
real_brain,stepwise,Step-wise,medium,2,SSIM,Type-1 NUFFT vs. Image-based,#DDCC77,0.948337244442518
real_brain,stepwise,Step-wise,medium,3,SSIM,Type-1 NUFFT vs. Image-based,#DDCC77,0.935632181511661
real_brain,stepwise,Step-wise,medium,4,SSIM,Type-1 NUFFT vs. Image-based,#DDCC77,0.9620497165012756
real_brain,stepwise,Step-wise,medium,5,SSIM,Type-1 NUFFT vs. Image-based,#DDCC77,0.9660573213744901
real_brain,stepwise,Step-wise,medium,6,SSIM,Type-1 NUFFT vs. Image-based,#DDCC77,0.9693872351073187
real_brain,stepwise,Step-wise,medium,7,SSIM,Type-1 NUFFT vs. Image-based,#DDCC77,0.9552915363342528
real_brain,stepwise,Step-wise,medium,8,SSIM,Type-1 NUFFT vs. Image-based,#DDCC77,0.9641821873061313
real_brain,stepwise,Step-wise,medium,9,SSIM,Type-1 NUFFT vs. Image-based,#DDCC77,0.9652945858266964
real_brain,stepwise,Step-wise,medium,10,SSIM,Type-1 NUFFT vs. Image-based,#DDCC77,0.9439505743212475
real_brain,stepwise,Step-wise,medium,11,SSIM,Type-1 NUFFT vs. Image-based,#DDCC77,0.9608225439671182
real_brain,stepwise,Step-wise,medium,12,SSIM,Type-1 NUFFT vs. Image-based,#DDCC77,0.9429055486504294
real_brain,stepwise,Step-wise,medium,13,SSIM,Type-1 NUFFT vs. Image-based,#DDCC77,0.9561458514557101
real_brain,stepwise,Step-wise,medium,14,SSIM,Type-1 NUFFT vs. Image-based,#DDCC77,0.9649883468898155
real_brain,stepwise,Step-wise,medium,15,SSIM,Type-1 NUFFT vs. Image-based,#DDCC77,0.9714480149798148
real_brain,stepwise,Step-wise,medium,16,SSIM,Type-1 NUFFT vs. Image-based,#DDCC77,0.9389384732421329
real_brain,stepwise,Step-wise,medium,17,SSIM,Type-1 NUFFT vs. Image-based,#DDCC77,0.9570933414939807
real_brain,stepwise,Step-wise,medium,18,SSIM,Type-1 NUFFT vs. Image-based,#DDCC77,0.959740192458082
real_brain,stepwise,Step-wise,medium,19,SSIM,Type-1 NUFFT vs. Image-based,#DDCC77,0.9547745350091653
real_brain,stepwise,Step-wise,medium,20,SSIM,Type-1 NUFFT vs. Image-based,#DDCC77,0.9544307682554307
real_brain,stepwise,Step-wise,medium,1,SSIM,Type-1 NUFFT vs. Type-2 NUFFT,#807dba,0.9761643431724493
real_brain,stepwise,Step-wise,medium,2,SSIM,Type-1 NUFFT vs. Type-2 NUFFT,#807dba,0.9622559629811945
real_brain,stepwise,Step-wise,medium,3,SSIM,Type-1 NUFFT vs. Type-2 NUFFT,#807dba,0.9492604563460807
real_brain,stepwise,Step-wise,medium,4,SSIM,Type-1 NUFFT vs. Type-2 NUFFT,#807dba,0.9720888824070603
real_brain,stepwise,Step-wise,medium,5,SSIM,Type-1 NUFFT vs. Type-2 NUFFT,#807dba,0.9752229071642438
real_brain,stepwise,Step-wise,medium,6,SSIM,Type-1 NUFFT vs. Type-2 NUFFT,#807dba,0.9837216006806251
real_brain,stepwise,Step-wise,medium,7,SSIM,Type-1 NUFFT vs. Type-2 NUFFT,#807dba,0.9650259720021546
real_brain,stepwise,Step-wise,medium,8,SSIM,Type-1 NUFFT vs. Type-2 NUFFT,#807dba,0.9792786635428768
real_brain,stepwise,Step-wise,medium,9,SSIM,Type-1 NUFFT vs. Type-2 NUFFT,#807dba,0.9761706634262446
real_brain,stepwise,Step-wise,medium,10,SSIM,Type-1 NUFFT vs. Type-2 NUFFT,#807dba,0.9602696909979656
real_brain,stepwise,Step-wise,medium,11,SSIM,Type-1 NUFFT vs. Type-2 NUFFT,#807dba,0.9755218203516556
real_brain,stepwise,Step-wise,medium,12,SSIM,Type-1 NUFFT vs. Type-2 NUFFT,#807dba,0.9563220063855541
real_brain,stepwise,Step-wise,medium,13,SSIM,Type-1 NUFFT vs. Type-2 NUFFT,#807dba,0.9707167918923102
real_brain,stepwise,Step-wise,medium,14,SSIM,Type-1 NUFFT vs. Type-2 NUFFT,#807dba,0.9773449763954163
real_brain,stepwise,Step-wise,medium,15,SSIM,Type-1 NUFFT vs. Type-2 NUFFT,#807dba,0.9853187735793325
real_brain,stepwise,Step-wise,medium,16,SSIM,Type-1 NUFFT vs. Type-2 NUFFT,#807dba,0.9524370440102641
real_brain,stepwise,Step-wise,medium,17,SSIM,Type-1 NUFFT vs. Type-2 NUFFT,#807dba,0.9730738984940612
real_brain,stepwise,Step-wise,medium,18,SSIM,Type-1 NUFFT vs. Type-2 NUFFT,#807dba,0.9720612091701052
real_brain,stepwise,Step-wise,medium,19,SSIM,Type-1 NUFFT vs. Type-2 NUFFT,#807dba,0.9621858731874033
real_brain,stepwise,Step-wise,medium,20,SSIM,Type-1 NUFFT vs. Type-2 NUFFT,#807dba,0.9655569382351129
real_brain,stepwise,Step-wise,medium,1,RMSD,Type-2 NUFFT vs. Image-based,#CC6677,0.024364168642012428
real_brain,stepwise,Step-wise,medium,2,RMSD,Type-2 NUFFT vs. Image-based,#CC6677,0.025130128587796136
real_brain,stepwise,Step-wise,medium,3,RMSD,Type-2 NUFFT vs. Image-based,#CC6677,0.02489796535612402
real_brain,stepwise,Step-wise,medium,4,RMSD,Type-2 NUFFT vs. Image-based,#CC6677,0.025777834088884916
real_brain,stepwise,Step-wise,medium,5,RMSD,Type-2 NUFFT vs. Image-based,#CC6677,0.025119447038919388
real_brain,stepwise,Step-wise,medium,6,RMSD,Type-2 NUFFT vs. Image-based,#CC6677,0.025299309992098153
real_brain,stepwise,Step-wise,medium,7,RMSD,Type-2 NUFFT vs. Image-based,#CC6677,0.025781350089468504
real_brain,stepwise,Step-wise,medium,8,RMSD,Type-2 NUFFT vs. Image-based,#CC6677,0.025834098905978316
real_brain,stepwise,Step-wise,medium,9,RMSD,Type-2 NUFFT vs. Image-based,#CC6677,0.024557001762782766
real_brain,stepwise,Step-wise,medium,10,RMSD,Type-2 NUFFT vs. Image-based,#CC6677,0.025194716301398502
real_brain,stepwise,Step-wise,medium,11,RMSD,Type-2 NUFFT vs. Image-based,#CC6677,0.02578964022067206
real_brain,stepwise,Step-wise,medium,12,RMSD,Type-2 NUFFT vs. Image-based,#CC6677,0.02377716478263003
real_brain,stepwise,Step-wise,medium,13,RMSD,Type-2 NUFFT vs. Image-based,#CC6677,0.025566622852642905
real_brain,stepwise,Step-wise,medium,14,RMSD,Type-2 NUFFT vs. Image-based,#CC6677,0.02498694418634114
real_brain,stepwise,Step-wise,medium,15,RMSD,Type-2 NUFFT vs. Image-based,#CC6677,0.027000442457822158
real_brain,stepwise,Step-wise,medium,16,RMSD,Type-2 NUFFT vs. Image-based,#CC6677,0.024700366385613542
real_brain,stepwise,Step-wise,medium,17,RMSD,Type-2 NUFFT vs. Image-based,#CC6677,0.026059220632680374
real_brain,stepwise,Step-wise,medium,18,RMSD,Type-2 NUFFT vs. Image-based,#CC6677,0.02640390615875697
real_brain,stepwise,Step-wise,medium,19,RMSD,Type-2 NUFFT vs. Image-based,#CC6677,0.022632701718348653
real_brain,stepwise,Step-wise,medium,20,RMSD,Type-2 NUFFT vs. Image-based,#CC6677,0.02327330191036563
real_brain,stepwise,Step-wise,medium,1,RMSD,Type-1 NUFFT vs. Image-based,#DDCC77,0.02891296358564389
real_brain,stepwise,Step-wise,medium,2,RMSD,Type-1 NUFFT vs. Image-based,#DDCC77,0.029824529028065143
real_brain,stepwise,Step-wise,medium,3,RMSD,Type-1 NUFFT vs. Image-based,#DDCC77,0.033633382482039044
real_brain,stepwise,Step-wise,medium,4,RMSD,Type-1 NUFFT vs. Image-based,#DDCC77,0.029496689927841345
real_brain,stepwise,Step-wise,medium,5,RMSD,Type-1 NUFFT vs. Image-based,#DDCC77,0.028588782470362742
real_brain,stepwise,Step-wise,medium,6,RMSD,Type-1 NUFFT vs. Image-based,#DDCC77,0.02809852682140681
real_brain,stepwise,Step-wise,medium,7,RMSD,Type-1 NUFFT vs. Image-based,#DDCC77,0.03159585159108814
real_brain,stepwise,Step-wise,medium,8,RMSD,Type-1 NUFFT vs. Image-based,#DDCC77,0.028859286918536706
real_brain,stepwise,Step-wise,medium,9,RMSD,Type-1 NUFFT vs. Image-based,#DDCC77,0.02781246169859097
real_brain,stepwise,Step-wise,medium,10,RMSD,Type-1 NUFFT vs. Image-based,#DDCC77,0.030097699287577558
real_brain,stepwise,Step-wise,medium,11,RMSD,Type-1 NUFFT vs. Image-based,#DDCC77,0.029370878178263636
real_brain,stepwise,Step-wise,medium,12,RMSD,Type-1 NUFFT vs. Image-based,#DDCC77,0.029405523596732635
real_brain,stepwise,Step-wise,medium,13,RMSD,Type-1 NUFFT vs. Image-based,#DDCC77,0.030293809430773387
real_brain,stepwise,Step-wise,medium,14,RMSD,Type-1 NUFFT vs. Image-based,#DDCC77,0.02925186199516545
real_brain,stepwise,Step-wise,medium,15,RMSD,Type-1 NUFFT vs. Image-based,#DDCC77,0.02951809881913887
real_brain,stepwise,Step-wise,medium,16,RMSD,Type-1 NUFFT vs. Image-based,#DDCC77,0.033054027923358
real_brain,stepwise,Step-wise,medium,17,RMSD,Type-1 NUFFT vs. Image-based,#DDCC77,0.02970911697166067
real_brain,stepwise,Step-wise,medium,18,RMSD,Type-1 NUFFT vs. Image-based,#DDCC77,0.029805773218991815
real_brain,stepwise,Step-wise,medium,19,RMSD,Type-1 NUFFT vs. Image-based,#DDCC77,0.030264404053504168
real_brain,stepwise,Step-wise,medium,20,RMSD,Type-1 NUFFT vs. Image-based,#DDCC77,0.02895536765153101
real_brain,stepwise,Step-wise,medium,1,RMSD,Type-1 NUFFT vs. Type-2 NUFFT,#807dba,0.018424061136272665
real_brain,stepwise,Step-wise,medium,2,RMSD,Type-1 NUFFT vs. Type-2 NUFFT,#807dba,0.019439912656847278
real_brain,stepwise,Step-wise,medium,3,RMSD,Type-1 NUFFT vs. Type-2 NUFFT,#807dba,0.024392625519955555
real_brain,stepwise,Step-wise,medium,4,RMSD,Type-1 NUFFT vs. Type-2 NUFFT,#807dba,0.017721122056720145
real_brain,stepwise,Step-wise,medium,5,RMSD,Type-1 NUFFT vs. Type-2 NUFFT,#807dba,0.01737298872843028
real_brain,stepwise,Step-wise,medium,6,RMSD,Type-1 NUFFT vs. Type-2 NUFFT,#807dba,0.01448190256654165
real_brain,stepwise,Step-wise,medium,7,RMSD,Type-1 NUFFT vs. Type-2 NUFFT,#807dba,0.02098106921407444
real_brain,stepwise,Step-wise,medium,8,RMSD,Type-1 NUFFT vs. Type-2 NUFFT,#807dba,0.015382675605209083
real_brain,stepwise,Step-wise,medium,9,RMSD,Type-1 NUFFT vs. Type-2 NUFFT,#807dba,0.01604480563105282
real_brain,stepwise,Step-wise,medium,10,RMSD,Type-1 NUFFT vs. Type-2 NUFFT,#807dba,0.0191038085599001
real_brain,stepwise,Step-wise,medium,11,RMSD,Type-1 NUFFT vs. Type-2 NUFFT,#807dba,0.016432682585693845
real_brain,stepwise,Step-wise,medium,12,RMSD,Type-1 NUFFT vs. Type-2 NUFFT,#807dba,0.021374302394299445
real_brain,stepwise,Step-wise,medium,13,RMSD,Type-1 NUFFT vs. Type-2 NUFFT,#807dba,0.018258398986968082
real_brain,stepwise,Step-wise,medium,14,RMSD,Type-1 NUFFT vs. Type-2 NUFFT,#807dba,0.01824878131037706
real_brain,stepwise,Step-wise,medium,15,RMSD,Type-1 NUFFT vs. Type-2 NUFFT,#807dba,0.01508691251087978
real_brain,stepwise,Step-wise,medium,16,RMSD,Type-1 NUFFT vs. Type-2 NUFFT,#807dba,0.02398174490758994
real_brain,stepwise,Step-wise,medium,17,RMSD,Type-1 NUFFT vs. Type-2 NUFFT,#807dba,0.01645975597746449
real_brain,stepwise,Step-wise,medium,18,RMSD,Type-1 NUFFT vs. Type-2 NUFFT,#807dba,0.019366416033427272
real_brain,stepwise,Step-wise,medium,19,RMSD,Type-1 NUFFT vs. Type-2 NUFFT,#807dba,0.02385388137809402
real_brain,stepwise,Step-wise,medium,20,RMSD,Type-1 NUFFT vs. Type-2 NUFFT,#807dba,0.020290612283322903
real_brain,stepwise,Step-wise,high,1,SSIM,Type-2 NUFFT vs. Image-based,#CC6677,0.9789361254696737
real_brain,stepwise,Step-wise,high,2,SSIM,Type-2 NUFFT vs. Image-based,#CC6677,0.9819693917897655
real_brain,stepwise,Step-wise,high,3,SSIM,Type-2 NUFFT vs. Image-based,#CC6677,0.9802417375446627
real_brain,stepwise,Step-wise,high,4,SSIM,Type-2 NUFFT vs. Image-based,#CC6677,0.9805676724735253
real_brain,stepwise,Step-wise,high,5,SSIM,Type-2 NUFFT vs. Image-based,#CC6677,0.9805366782922584
real_brain,stepwise,Step-wise,high,6,SSIM,Type-2 NUFFT vs. Image-based,#CC6677,0.980689965599846
real_brain,stepwise,Step-wise,high,7,SSIM,Type-2 NUFFT vs. Image-based,#CC6677,0.974982957573282
real_brain,stepwise,Step-wise,high,8,SSIM,Type-2 NUFFT vs. Image-based,#CC6677,0.9769838560713617
real_brain,stepwise,Step-wise,high,9,SSIM,Type-2 NUFFT vs. Image-based,#CC6677,0.9630094866550571
real_brain,stepwise,Step-wise,high,10,SSIM,Type-2 NUFFT vs. Image-based,#CC6677,0.9779979752598942
real_brain,stepwise,Step-wise,high,11,SSIM,Type-2 NUFFT vs. Image-based,#CC6677,0.9816578530549143
real_brain,stepwise,Step-wise,high,12,SSIM,Type-2 NUFFT vs. Image-based,#CC6677,0.9737660291811774
real_brain,stepwise,Step-wise,high,13,SSIM,Type-2 NUFFT vs. Image-based,#CC6677,0.9801594170443534
real_brain,stepwise,Step-wise,high,14,SSIM,Type-2 NUFFT vs. Image-based,#CC6677,0.9806234095996285
real_brain,stepwise,Step-wise,high,15,SSIM,Type-2 NUFFT vs. Image-based,#CC6677,0.9825738768178093
real_brain,stepwise,Step-wise,high,16,SSIM,Type-2 NUFFT vs. Image-based,#CC6677,0.9708988401006795
real_brain,stepwise,Step-wise,high,17,SSIM,Type-2 NUFFT vs. Image-based,#CC6677,0.9751391383916695
real_brain,stepwise,Step-wise,high,18,SSIM,Type-2 NUFFT vs. Image-based,#CC6677,0.9811333182874737
real_brain,stepwise,Step-wise,high,19,SSIM,Type-2 NUFFT vs. Image-based,#CC6677,0.9818842489995268
real_brain,stepwise,Step-wise,high,20,SSIM,Type-2 NUFFT vs. Image-based,#CC6677,0.9826454522530538
real_brain,stepwise,Step-wise,high,1,SSIM,Type-1 NUFFT vs. Image-based,#DDCC77,0.9507305518045525
real_brain,stepwise,Step-wise,high,2,SSIM,Type-1 NUFFT vs. Image-based,#DDCC77,0.9579600637904503
real_brain,stepwise,Step-wise,high,3,SSIM,Type-1 NUFFT vs. Image-based,#DDCC77,0.9232562914338354
real_brain,stepwise,Step-wise,high,4,SSIM,Type-1 NUFFT vs. Image-based,#DDCC77,0.933513183789679
real_brain,stepwise,Step-wise,high,5,SSIM,Type-1 NUFFT vs. Image-based,#DDCC77,0.962795749236822
real_brain,stepwise,Step-wise,high,6,SSIM,Type-1 NUFFT vs. Image-based,#DDCC77,0.9528041788647191
real_brain,stepwise,Step-wise,high,7,SSIM,Type-1 NUFFT vs. Image-based,#DDCC77,0.9361345607971637
real_brain,stepwise,Step-wise,high,8,SSIM,Type-1 NUFFT vs. Image-based,#DDCC77,0.9347277139630543
real_brain,stepwise,Step-wise,high,9,SSIM,Type-1 NUFFT vs. Image-based,#DDCC77,0.9092673450877911
real_brain,stepwise,Step-wise,high,10,SSIM,Type-1 NUFFT vs. Image-based,#DDCC77,0.9557182716211393
real_brain,stepwise,Step-wise,high,11,SSIM,Type-1 NUFFT vs. Image-based,#DDCC77,0.9622384600366476
real_brain,stepwise,Step-wise,high,12,SSIM,Type-1 NUFFT vs. Image-based,#DDCC77,0.9251527178970078
real_brain,stepwise,Step-wise,high,13,SSIM,Type-1 NUFFT vs. Image-based,#DDCC77,0.9497418098112907
real_brain,stepwise,Step-wise,high,14,SSIM,Type-1 NUFFT vs. Image-based,#DDCC77,0.9428880188203191
real_brain,stepwise,Step-wise,high,15,SSIM,Type-1 NUFFT vs. Image-based,#DDCC77,0.9508807467574035
real_brain,stepwise,Step-wise,high,16,SSIM,Type-1 NUFFT vs. Image-based,#DDCC77,0.9459698700900764
real_brain,stepwise,Step-wise,high,17,SSIM,Type-1 NUFFT vs. Image-based,#DDCC77,0.9478492594068848
real_brain,stepwise,Step-wise,high,18,SSIM,Type-1 NUFFT vs. Image-based,#DDCC77,0.9360032358493386
real_brain,stepwise,Step-wise,high,19,SSIM,Type-1 NUFFT vs. Image-based,#DDCC77,0.9397107119984927
real_brain,stepwise,Step-wise,high,20,SSIM,Type-1 NUFFT vs. Image-based,#DDCC77,0.9214061877210412
real_brain,stepwise,Step-wise,high,1,SSIM,Type-1 NUFFT vs. Type-2 NUFFT,#807dba,0.9576530269925261
real_brain,stepwise,Step-wise,high,2,SSIM,Type-1 NUFFT vs. Type-2 NUFFT,#807dba,0.9662573531289894
real_brain,stepwise,Step-wise,high,3,SSIM,Type-1 NUFFT vs. Type-2 NUFFT,#807dba,0.9298187190997899
real_brain,stepwise,Step-wise,high,4,SSIM,Type-1 NUFFT vs. Type-2 NUFFT,#807dba,0.9508190265347444
real_brain,stepwise,Step-wise,high,5,SSIM,Type-1 NUFFT vs. Type-2 NUFFT,#807dba,0.9743247375955219
real_brain,stepwise,Step-wise,high,6,SSIM,Type-1 NUFFT vs. Type-2 NUFFT,#807dba,0.9658228920166971
real_brain,stepwise,Step-wise,high,7,SSIM,Type-1 NUFFT vs. Type-2 NUFFT,#807dba,0.9461766048451433
real_brain,stepwise,Step-wise,high,8,SSIM,Type-1 NUFFT vs. Type-2 NUFFT,#807dba,0.9457301605120759
real_brain,stepwise,Step-wise,high,9,SSIM,Type-1 NUFFT vs. Type-2 NUFFT,#807dba,0.9237168694142818
real_brain,stepwise,Step-wise,high,10,SSIM,Type-1 NUFFT vs. Type-2 NUFFT,#807dba,0.9706979259785361
real_brain,stepwise,Step-wise,high,11,SSIM,Type-1 NUFFT vs. Type-2 NUFFT,#807dba,0.973420380270678
real_brain,stepwise,Step-wise,high,12,SSIM,Type-1 NUFFT vs. Type-2 NUFFT,#807dba,0.9355264787867853
real_brain,stepwise,Step-wise,high,13,SSIM,Type-1 NUFFT vs. Type-2 NUFFT,#807dba,0.9671629436674118
real_brain,stepwise,Step-wise,high,14,SSIM,Type-1 NUFFT vs. Type-2 NUFFT,#807dba,0.9543210481647936
real_brain,stepwise,Step-wise,high,15,SSIM,Type-1 NUFFT vs. Type-2 NUFFT,#807dba,0.9648523051522747
real_brain,stepwise,Step-wise,high,16,SSIM,Type-1 NUFFT vs. Type-2 NUFFT,#807dba,0.9621662676885517
real_brain,stepwise,Step-wise,high,17,SSIM,Type-1 NUFFT vs. Type-2 NUFFT,#807dba,0.9599241004414741
real_brain,stepwise,Step-wise,high,18,SSIM,Type-1 NUFFT vs. Type-2 NUFFT,#807dba,0.9514687647611613
real_brain,stepwise,Step-wise,high,19,SSIM,Type-1 NUFFT vs. Type-2 NUFFT,#807dba,0.9464780733105
real_brain,stepwise,Step-wise,high,20,SSIM,Type-1 NUFFT vs. Type-2 NUFFT,#807dba,0.932279551573949
real_brain,stepwise,Step-wise,high,1,RMSD,Type-2 NUFFT vs. Image-based,#CC6677,0.026236648092826297
real_brain,stepwise,Step-wise,high,2,RMSD,Type-2 NUFFT vs. Image-based,#CC6677,0.02712568101414234
real_brain,stepwise,Step-wise,high,3,RMSD,Type-2 NUFFT vs. Image-based,#CC6677,0.025350498867843498
real_brain,stepwise,Step-wise,high,4,RMSD,Type-2 NUFFT vs. Image-based,#CC6677,0.02539280380032311
real_brain,stepwise,Step-wise,high,5,RMSD,Type-2 NUFFT vs. Image-based,#CC6677,0.028253754649166858
real_brain,stepwise,Step-wise,high,6,RMSD,Type-2 NUFFT vs. Image-based,#CC6677,0.024486441203613138
real_brain,stepwise,Step-wise,high,7,RMSD,Type-2 NUFFT vs. Image-based,#CC6677,0.02602010141442916
real_brain,stepwise,Step-wise,high,8,RMSD,Type-2 NUFFT vs. Image-based,#CC6677,0.026767565461584757
real_brain,stepwise,Step-wise,high,9,RMSD,Type-2 NUFFT vs. Image-based,#CC6677,0.02828381808925037
real_brain,stepwise,Step-wise,high,10,RMSD,Type-2 NUFFT vs. Image-based,#CC6677,0.027675626630336726
real_brain,stepwise,Step-wise,high,11,RMSD,Type-2 NUFFT vs. Image-based,#CC6677,0.02542182165259808
real_brain,stepwise,Step-wise,high,12,RMSD,Type-2 NUFFT vs. Image-based,#CC6677,0.02618930291797337
real_brain,stepwise,Step-wise,high,13,RMSD,Type-2 NUFFT vs. Image-based,#CC6677,0.02697186106069897
real_brain,stepwise,Step-wise,high,14,RMSD,Type-2 NUFFT vs. Image-based,#CC6677,0.023973204256937067
real_brain,stepwise,Step-wise,high,15,RMSD,Type-2 NUFFT vs. Image-based,#CC6677,0.025437270017686343
real_brain,stepwise,Step-wise,high,16,RMSD,Type-2 NUFFT vs. Image-based,#CC6677,0.028208732657581653
real_brain,stepwise,Step-wise,high,17,RMSD,Type-2 NUFFT vs. Image-based,#CC6677,0.02801221079758651
real_brain,stepwise,Step-wise,high,18,RMSD,Type-2 NUFFT vs. Image-based,#CC6677,0.025823634050324853
real_brain,stepwise,Step-wise,high,19,RMSD,Type-2 NUFFT vs. Image-based,#CC6677,0.024970550872558426
real_brain,stepwise,Step-wise,high,20,RMSD,Type-2 NUFFT vs. Image-based,#CC6677,0.023002237203531117
real_brain,stepwise,Step-wise,high,1,RMSD,Type-1 NUFFT vs. Image-based,#DDCC77,0.03819496955778873
real_brain,stepwise,Step-wise,high,2,RMSD,Type-1 NUFFT vs. Image-based,#DDCC77,0.03457705552516829
real_brain,stepwise,Step-wise,high,3,RMSD,Type-1 NUFFT vs. Image-based,#DDCC77,0.0413669450425067
real_brain,stepwise,Step-wise,high,4,RMSD,Type-1 NUFFT vs. Image-based,#DDCC77,0.03902276229856559
real_brain,stepwise,Step-wise,high,5,RMSD,Type-1 NUFFT vs. Image-based,#DDCC77,0.033176796548478105
real_brain,stepwise,Step-wise,high,6,RMSD,Type-1 NUFFT vs. Image-based,#DDCC77,0.029185153508002902
real_brain,stepwise,Step-wise,high,7,RMSD,Type-1 NUFFT vs. Image-based,#DDCC77,0.03719444038697555
real_brain,stepwise,Step-wise,high,8,RMSD,Type-1 NUFFT vs. Image-based,#DDCC77,0.040599382592963834
real_brain,stepwise,Step-wise,high,9,RMSD,Type-1 NUFFT vs. Image-based,#DDCC77,0.04511222595366295
real_brain,stepwise,Step-wise,high,10,RMSD,Type-1 NUFFT vs. Image-based,#DDCC77,0.03405624044273824
real_brain,stepwise,Step-wise,high,11,RMSD,Type-1 NUFFT vs. Image-based,#DDCC77,0.03154129668265499
real_brain,stepwise,Step-wise,high,12,RMSD,Type-1 NUFFT vs. Image-based,#DDCC77,0.04318174144442502
real_brain,stepwise,Step-wise,high,13,RMSD,Type-1 NUFFT vs. Image-based,#DDCC77,0.032881303896213215
real_brain,stepwise,Step-wise,high,14,RMSD,Type-1 NUFFT vs. Image-based,#DDCC77,0.0320500720664806
real_brain,stepwise,Step-wise,high,15,RMSD,Type-1 NUFFT vs. Image-based,#DDCC77,0.03166078922559643
real_brain,stepwise,Step-wise,high,16,RMSD,Type-1 NUFFT vs. Image-based,#DDCC77,0.03727277716740113
real_brain,stepwise,Step-wise,high,17,RMSD,Type-1 NUFFT vs. Image-based,#DDCC77,0.04278210012936365
real_brain,stepwise,Step-wise,high,18,RMSD,Type-1 NUFFT vs. Image-based,#DDCC77,0.034559238998132444
real_brain,stepwise,Step-wise,high,19,RMSD,Type-1 NUFFT vs. Image-based,#DDCC77,0.04173336014953235
real_brain,stepwise,Step-wise,high,20,RMSD,Type-1 NUFFT vs. Image-based,#DDCC77,0.03460088531435722
real_brain,stepwise,Step-wise,high,1,RMSD,Type-1 NUFFT vs. Type-2 NUFFT,#807dba,0.03298598609386738
real_brain,stepwise,Step-wise,high,2,RMSD,Type-1 NUFFT vs. Type-2 NUFFT,#807dba,0.026091595573100416
real_brain,stepwise,Step-wise,high,3,RMSD,Type-1 NUFFT vs. Type-2 NUFFT,#807dba,0.03769598176032123
real_brain,stepwise,Step-wise,high,4,RMSD,Type-1 NUFFT vs. Type-2 NUFFT,#807dba,0.0338161723564794
real_brain,stepwise,Step-wise,high,5,RMSD,Type-1 NUFFT vs. Type-2 NUFFT,#807dba,0.021325389920208195
real_brain,stepwise,Step-wise,high,6,RMSD,Type-1 NUFFT vs. Type-2 NUFFT,#807dba,0.020304710189667154
real_brain,stepwise,Step-wise,high,7,RMSD,Type-1 NUFFT vs. Type-2 NUFFT,#807dba,0.031395670418494746
real_brain,stepwise,Step-wise,high,8,RMSD,Type-1 NUFFT vs. Type-2 NUFFT,#807dba,0.03457336266466986
real_brain,stepwise,Step-wise,high,9,RMSD,Type-1 NUFFT vs. Type-2 NUFFT,#807dba,0.03976459378433456
real_brain,stepwise,Step-wise,high,10,RMSD,Type-1 NUFFT vs. Type-2 NUFFT,#807dba,0.024719759516932505
real_brain,stepwise,Step-wise,high,11,RMSD,Type-1 NUFFT vs. Type-2 NUFFT,#807dba,0.022966847054072526
real_brain,stepwise,Step-wise,high,12,RMSD,Type-1 NUFFT vs. Type-2 NUFFT,#807dba,0.04064634241524478
real_brain,stepwise,Step-wise,high,13,RMSD,Type-1 NUFFT vs. Type-2 NUFFT,#807dba,0.023149352079865827
real_brain,stepwise,Step-wise,high,14,RMSD,Type-1 NUFFT vs. Type-2 NUFFT,#807dba,0.02506109250822384
real_brain,stepwise,Step-wise,high,15,RMSD,Type-1 NUFFT vs. Type-2 NUFFT,#807dba,0.02219018195219835
real_brain,stepwise,Step-wise,high,16,RMSD,Type-1 NUFFT vs. Type-2 NUFFT,#807dba,0.029138861136401108
real_brain,stepwise,Step-wise,high,17,RMSD,Type-1 NUFFT vs. Type-2 NUFFT,#807dba,0.037239198294300266
real_brain,stepwise,Step-wise,high,18,RMSD,Type-1 NUFFT vs. Type-2 NUFFT,#807dba,0.025855410611789895
real_brain,stepwise,Step-wise,high,19,RMSD,Type-1 NUFFT vs. Type-2 NUFFT,#807dba,0.03765091212687864
real_brain,stepwise,Step-wise,high,20,RMSD,Type-1 NUFFT vs. Type-2 NUFFT,#807dba,0.029699894923373774
phantom,slow_drift,Slow drift,low,1,SSIM,Type-2 NUFFT vs. Image-based,#CC6677,0.982967840751904
phantom,slow_drift,Slow drift,low,2,SSIM,Type-2 NUFFT vs. Image-based,#CC6677,0.9833019979512171
phantom,slow_drift,Slow drift,low,3,SSIM,Type-2 NUFFT vs. Image-based,#CC6677,0.9884795275216135
phantom,slow_drift,Slow drift,low,4,SSIM,Type-2 NUFFT vs. Image-based,#CC6677,0.9777486691598791
phantom,slow_drift,Slow drift,low,5,SSIM,Type-2 NUFFT vs. Image-based,#CC6677,0.9855245473817539
phantom,slow_drift,Slow drift,low,6,SSIM,Type-2 NUFFT vs. Image-based,#CC6677,0.982293399924044
phantom,slow_drift,Slow drift,low,7,SSIM,Type-2 NUFFT vs. Image-based,#CC6677,0.9876499174858441
phantom,slow_drift,Slow drift,low,8,SSIM,Type-2 NUFFT vs. Image-based,#CC6677,0.9819882419199141
phantom,slow_drift,Slow drift,low,9,SSIM,Type-2 NUFFT vs. Image-based,#CC6677,0.9770724294233111
phantom,slow_drift,Slow drift,low,10,SSIM,Type-2 NUFFT vs. Image-based,#CC6677,0.9852423616057715
phantom,slow_drift,Slow drift,low,11,SSIM,Type-2 NUFFT vs. Image-based,#CC6677,0.9875777419905026
phantom,slow_drift,Slow drift,low,12,SSIM,Type-2 NUFFT vs. Image-based,#CC6677,0.9828439699276992
phantom,slow_drift,Slow drift,low,13,SSIM,Type-2 NUFFT vs. Image-based,#CC6677,0.9854764478916941
phantom,slow_drift,Slow drift,low,14,SSIM,Type-2 NUFFT vs. Image-based,#CC6677,0.9780245706527624
phantom,slow_drift,Slow drift,low,15,SSIM,Type-2 NUFFT vs. Image-based,#CC6677,0.9803633499805052
phantom,slow_drift,Slow drift,low,16,SSIM,Type-2 NUFFT vs. Image-based,#CC6677,0.9820639031862267
phantom,slow_drift,Slow drift,low,17,SSIM,Type-2 NUFFT vs. Image-based,#CC6677,0.9840512110478243
phantom,slow_drift,Slow drift,low,18,SSIM,Type-2 NUFFT vs. Image-based,#CC6677,0.9816251677839462
phantom,slow_drift,Slow drift,low,19,SSIM,Type-2 NUFFT vs. Image-based,#CC6677,0.9801096058570783
phantom,slow_drift,Slow drift,low,20,SSIM,Type-2 NUFFT vs. Image-based,#CC6677,0.986504905709519
phantom,slow_drift,Slow drift,low,1,SSIM,Type-1 NUFFT vs. Image-based,#DDCC77,0.9829868223322116
phantom,slow_drift,Slow drift,low,2,SSIM,Type-1 NUFFT vs. Image-based,#DDCC77,0.9835010069604498
phantom,slow_drift,Slow drift,low,3,SSIM,Type-1 NUFFT vs. Image-based,#DDCC77,0.988491290504451
phantom,slow_drift,Slow drift,low,4,SSIM,Type-1 NUFFT vs. Image-based,#DDCC77,0.9764229905553962
phantom,slow_drift,Slow drift,low,5,SSIM,Type-1 NUFFT vs. Image-based,#DDCC77,0.9848240978357282
phantom,slow_drift,Slow drift,low,6,SSIM,Type-1 NUFFT vs. Image-based,#DDCC77,0.9807809245532235
phantom,slow_drift,Slow drift,low,7,SSIM,Type-1 NUFFT vs. Image-based,#DDCC77,0.9872561158797667
phantom,slow_drift,Slow drift,low,8,SSIM,Type-1 NUFFT vs. Image-based,#DDCC77,0.9817174593590828
phantom,slow_drift,Slow drift,low,9,SSIM,Type-1 NUFFT vs. Image-based,#DDCC77,0.9766691308199829
phantom,slow_drift,Slow drift,low,10,SSIM,Type-1 NUFFT vs. Image-based,#DDCC77,0.9838568049464518
phantom,slow_drift,Slow drift,low,11,SSIM,Type-1 NUFFT vs. Image-based,#DDCC77,0.9880059361424174
phantom,slow_drift,Slow drift,low,12,SSIM,Type-1 NUFFT vs. Image-based,#DDCC77,0.9821830045777163
phantom,slow_drift,Slow drift,low,13,SSIM,Type-1 NUFFT vs. Image-based,#DDCC77,0.9855351128385711
phantom,slow_drift,Slow drift,low,14,SSIM,Type-1 NUFFT vs. Image-based,#DDCC77,0.9763349361327055
phantom,slow_drift,Slow drift,low,15,SSIM,Type-1 NUFFT vs. Image-based,#DDCC77,0.980097034572143
phantom,slow_drift,Slow drift,low,16,SSIM,Type-1 NUFFT vs. Image-based,#DDCC77,0.981296037950666
phantom,slow_drift,Slow drift,low,17,SSIM,Type-1 NUFFT vs. Image-based,#DDCC77,0.9841741645096431
phantom,slow_drift,Slow drift,low,18,SSIM,Type-1 NUFFT vs. Image-based,#DDCC77,0.9807636695069146
phantom,slow_drift,Slow drift,low,19,SSIM,Type-1 NUFFT vs. Image-based,#DDCC77,0.9805419858562407
phantom,slow_drift,Slow drift,low,20,SSIM,Type-1 NUFFT vs. Image-based,#DDCC77,0.9856594101412443
phantom,slow_drift,Slow drift,low,1,SSIM,Type-1 NUFFT vs. Type-2 NUFFT,#807dba,0.9978296062011435
phantom,slow_drift,Slow drift,low,2,SSIM,Type-1 NUFFT vs. Type-2 NUFFT,#807dba,0.9974797978982863
phantom,slow_drift,Slow drift,low,3,SSIM,Type-1 NUFFT vs. Type-2 NUFFT,#807dba,0.9979256346786884
phantom,slow_drift,Slow drift,low,4,SSIM,Type-1 NUFFT vs. Type-2 NUFFT,#807dba,0.9977118573658218
phantom,slow_drift,Slow drift,low,5,SSIM,Type-1 NUFFT vs. Type-2 NUFFT,#807dba,0.9989575899224957
phantom,slow_drift,Slow drift,low,6,SSIM,Type-1 NUFFT vs. Type-2 NUFFT,#807dba,0.9979135893988992
phantom,slow_drift,Slow drift,low,7,SSIM,Type-1 NUFFT vs. Type-2 NUFFT,#807dba,0.9980123901986498
phantom,slow_drift,Slow drift,low,8,SSIM,Type-1 NUFFT vs. Type-2 NUFFT,#807dba,0.9976374205811032
phantom,slow_drift,Slow drift,low,9,SSIM,Type-1 NUFFT vs. Type-2 NUFFT,#807dba,0.997814851823403
phantom,slow_drift,Slow drift,low,10,SSIM,Type-1 NUFFT vs. Type-2 NUFFT,#807dba,0.9978659706357461
phantom,slow_drift,Slow drift,low,11,SSIM,Type-1 NUFFT vs. Type-2 NUFFT,#807dba,0.9984838805418456
phantom,slow_drift,Slow drift,low,12,SSIM,Type-1 NUFFT vs. Type-2 NUFFT,#807dba,0.9974825491496302
phantom,slow_drift,Slow drift,low,13,SSIM,Type-1 NUFFT vs. Type-2 NUFFT,#807dba,0.9981374831348147
phantom,slow_drift,Slow drift,low,14,SSIM,Type-1 NUFFT vs. Type-2 NUFFT,#807dba,0.9980845124881006
phantom,slow_drift,Slow drift,low,15,SSIM,Type-1 NUFFT vs. Type-2 NUFFT,#807dba,0.997116595538289
phantom,slow_drift,Slow drift,low,16,SSIM,Type-1 NUFFT vs. Type-2 NUFFT,#807dba,0.99762497389048
phantom,slow_drift,Slow drift,low,17,SSIM,Type-1 NUFFT vs. Type-2 NUFFT,#807dba,0.9974060826458683
phantom,slow_drift,Slow drift,low,18,SSIM,Type-1 NUFFT vs. Type-2 NUFFT,#807dba,0.9983590482012328
phantom,slow_drift,Slow drift,low,19,SSIM,Type-1 NUFFT vs. Type-2 NUFFT,#807dba,0.9978923779658533
phantom,slow_drift,Slow drift,low,20,SSIM,Type-1 NUFFT vs. Type-2 NUFFT,#807dba,0.9985554780831801
phantom,slow_drift,Slow drift,low,1,RMSD,Type-2 NUFFT vs. Image-based,#CC6677,0.027598966487457386
phantom,slow_drift,Slow drift,low,2,RMSD,Type-2 NUFFT vs. Image-based,#CC6677,0.026057291427124714
phantom,slow_drift,Slow drift,low,3,RMSD,Type-2 NUFFT vs. Image-based,#CC6677,0.022392036370570863
phantom,slow_drift,Slow drift,low,4,RMSD,Type-2 NUFFT vs. Image-based,#CC6677,0.03102308108110842
phantom,slow_drift,Slow drift,low,5,RMSD,Type-2 NUFFT vs. Image-based,#CC6677,0.02666757591722853
phantom,slow_drift,Slow drift,low,6,RMSD,Type-2 NUFFT vs. Image-based,#CC6677,0.02767581001739435
phantom,slow_drift,Slow drift,low,7,RMSD,Type-2 NUFFT vs. Image-based,#CC6677,0.022351892631120328
phantom,slow_drift,Slow drift,low,8,RMSD,Type-2 NUFFT vs. Image-based,#CC6677,0.02907135869902139
phantom,slow_drift,Slow drift,low,9,RMSD,Type-2 NUFFT vs. Image-based,#CC6677,0.03297583683411825
phantom,slow_drift,Slow drift,low,10,RMSD,Type-2 NUFFT vs. Image-based,#CC6677,0.024714256897737475
phantom,slow_drift,Slow drift,low,11,RMSD,Type-2 NUFFT vs. Image-based,#CC6677,0.025544296927493857
phantom,slow_drift,Slow drift,low,12,RMSD,Type-2 NUFFT vs. Image-based,#CC6677,0.02655235236533984
phantom,slow_drift,Slow drift,low,13,RMSD,Type-2 NUFFT vs. Image-based,#CC6677,0.024558398086196493
phantom,slow_drift,Slow drift,low,14,RMSD,Type-2 NUFFT vs. Image-based,#CC6677,0.032422277227536794
phantom,slow_drift,Slow drift,low,15,RMSD,Type-2 NUFFT vs. Image-based,#CC6677,0.029314098851235135
phantom,slow_drift,Slow drift,low,16,RMSD,Type-2 NUFFT vs. Image-based,#CC6677,0.02658723577519747
phantom,slow_drift,Slow drift,low,17,RMSD,Type-2 NUFFT vs. Image-based,#CC6677,0.026931761313205644
phantom,slow_drift,Slow drift,low,18,RMSD,Type-2 NUFFT vs. Image-based,#CC6677,0.02931484889932457
phantom,slow_drift,Slow drift,low,19,RMSD,Type-2 NUFFT vs. Image-based,#CC6677,0.028052979501892318
phantom,slow_drift,Slow drift,low,20,RMSD,Type-2 NUFFT vs. Image-based,#CC6677,0.022654831964458926
phantom,slow_drift,Slow drift,low,1,RMSD,Type-1 NUFFT vs. Image-based,#DDCC77,0.027622350776258842
phantom,slow_drift,Slow drift,low,2,RMSD,Type-1 NUFFT vs. Image-based,#DDCC77,0.026171163432309262
phantom,slow_drift,Slow drift,low,3,RMSD,Type-1 NUFFT vs. Image-based,#DDCC77,0.022559726189908105
phantom,slow_drift,Slow drift,low,4,RMSD,Type-1 NUFFT vs. Image-based,#DDCC77,0.03117739299020822
phantom,slow_drift,Slow drift,low,5,RMSD,Type-1 NUFFT vs. Image-based,#DDCC77,0.026739728099611365
phantom,slow_drift,Slow drift,low,6,RMSD,Type-1 NUFFT vs. Image-based,#DDCC77,0.027816773221958732
phantom,slow_drift,Slow drift,low,7,RMSD,Type-1 NUFFT vs. Image-based,#DDCC77,0.02236687694238775
phantom,slow_drift,Slow drift,low,8,RMSD,Type-1 NUFFT vs. Image-based,#DDCC77,0.0290849355876602
phantom,slow_drift,Slow drift,low,9,RMSD,Type-1 NUFFT vs. Image-based,#DDCC77,0.033022467237272236
phantom,slow_drift,Slow drift,low,10,RMSD,Type-1 NUFFT vs. Image-based,#DDCC77,0.024890586509223565
phantom,slow_drift,Slow drift,low,11,RMSD,Type-1 NUFFT vs. Image-based,#DDCC77,0.025587445436948356
phantom,slow_drift,Slow drift,low,12,RMSD,Type-1 NUFFT vs. Image-based,#DDCC77,0.026672391085948977
phantom,slow_drift,Slow drift,low,13,RMSD,Type-1 NUFFT vs. Image-based,#DDCC77,0.024569439011055252
phantom,slow_drift,Slow drift,low,14,RMSD,Type-1 NUFFT vs. Image-based,#DDCC77,0.03240435069154017
phantom,slow_drift,Slow drift,low,15,RMSD,Type-1 NUFFT vs. Image-based,#DDCC77,0.029342451625757476
phantom,slow_drift,Slow drift,low,16,RMSD,Type-1 NUFFT vs. Image-based,#DDCC77,0.026705229343481043
phantom,slow_drift,Slow drift,low,17,RMSD,Type-1 NUFFT vs. Image-based,#DDCC77,0.026955411475480112
phantom,slow_drift,Slow drift,low,18,RMSD,Type-1 NUFFT vs. Image-based,#DDCC77,0.029407895126389572
phantom,slow_drift,Slow drift,low,19,RMSD,Type-1 NUFFT vs. Image-based,#DDCC77,0.028093158533771166
phantom,slow_drift,Slow drift,low,20,RMSD,Type-1 NUFFT vs. Image-based,#DDCC77,0.022702579129089052
phantom,slow_drift,Slow drift,low,1,RMSD,Type-1 NUFFT vs. Type-2 NUFFT,#807dba,0.00343854335455041
phantom,slow_drift,Slow drift,low,2,RMSD,Type-1 NUFFT vs. Type-2 NUFFT,#807dba,0.0036728637409608263
phantom,slow_drift,Slow drift,low,3,RMSD,Type-1 NUFFT vs. Type-2 NUFFT,#807dba,0.003200987145987774
phantom,slow_drift,Slow drift,low,4,RMSD,Type-1 NUFFT vs. Type-2 NUFFT,#807dba,0.003591866777311118
phantom,slow_drift,Slow drift,low,5,RMSD,Type-1 NUFFT vs. Type-2 NUFFT,#807dba,0.0025928894006963165
phantom,slow_drift,Slow drift,low,6,RMSD,Type-1 NUFFT vs. Type-2 NUFFT,#807dba,0.004069833428457215
phantom,slow_drift,Slow drift,low,7,RMSD,Type-1 NUFFT vs. Type-2 NUFFT,#807dba,0.003202500826597043
phantom,slow_drift,Slow drift,low,8,RMSD,Type-1 NUFFT vs. Type-2 NUFFT,#807dba,0.0035280326459922687
phantom,slow_drift,Slow drift,low,9,RMSD,Type-1 NUFFT vs. Type-2 NUFFT,#807dba,0.0035184461194894996
phantom,slow_drift,Slow drift,low,10,RMSD,Type-1 NUFFT vs. Type-2 NUFFT,#807dba,0.003629746800606457
phantom,slow_drift,Slow drift,low,11,RMSD,Type-1 NUFFT vs. Type-2 NUFFT,#807dba,0.002751422365748224
phantom,slow_drift,Slow drift,low,12,RMSD,Type-1 NUFFT vs. Type-2 NUFFT,#807dba,0.004202577435693292
phantom,slow_drift,Slow drift,low,13,RMSD,Type-1 NUFFT vs. Type-2 NUFFT,#807dba,0.003497668167772776
phantom,slow_drift,Slow drift,low,14,RMSD,Type-1 NUFFT vs. Type-2 NUFFT,#807dba,0.0033249960460936586
phantom,slow_drift,Slow drift,low,15,RMSD,Type-1 NUFFT vs. Type-2 NUFFT,#807dba,0.0040592806859953935
phantom,slow_drift,Slow drift,low,16,RMSD,Type-1 NUFFT vs. Type-2 NUFFT,#807dba,0.0038245512076323304
phantom,slow_drift,Slow drift,low,17,RMSD,Type-1 NUFFT vs. Type-2 NUFFT,#807dba,0.003657332293346683
phantom,slow_drift,Slow drift,low,18,RMSD,Type-1 NUFFT vs. Type-2 NUFFT,#807dba,0.003209980444365869
phantom,slow_drift,Slow drift,low,19,RMSD,Type-1 NUFFT vs. Type-2 NUFFT,#807dba,0.003436352733504597
phantom,slow_drift,Slow drift,low,20,RMSD,Type-1 NUFFT vs. Type-2 NUFFT,#807dba,0.0030868595205964843
phantom,slow_drift,Slow drift,medium,1,SSIM,Type-2 NUFFT vs. Image-based,#CC6677,0.9739304954273839
phantom,slow_drift,Slow drift,medium,2,SSIM,Type-2 NUFFT vs. Image-based,#CC6677,0.977030283645295
phantom,slow_drift,Slow drift,medium,3,SSIM,Type-2 NUFFT vs. Image-based,#CC6677,0.9783901298102096
phantom,slow_drift,Slow drift,medium,4,SSIM,Type-2 NUFFT vs. Image-based,#CC6677,0.9708506559051429
phantom,slow_drift,Slow drift,medium,5,SSIM,Type-2 NUFFT vs. Image-based,#CC6677,0.9768401455640553
phantom,slow_drift,Slow drift,medium,6,SSIM,Type-2 NUFFT vs. Image-based,#CC6677,0.9746258670227864
phantom,slow_drift,Slow drift,medium,7,SSIM,Type-2 NUFFT vs. Image-based,#CC6677,0.9768877174022006
phantom,slow_drift,Slow drift,medium,8,SSIM,Type-2 NUFFT vs. Image-based,#CC6677,0.9761563145210187
phantom,slow_drift,Slow drift,medium,9,SSIM,Type-2 NUFFT vs. Image-based,#CC6677,0.9744195605587191
phantom,slow_drift,Slow drift,medium,10,SSIM,Type-2 NUFFT vs. Image-based,#CC6677,0.9757186103423166
phantom,slow_drift,Slow drift,medium,11,SSIM,Type-2 NUFFT vs. Image-based,#CC6677,0.9786631812486611
phantom,slow_drift,Slow drift,medium,12,SSIM,Type-2 NUFFT vs. Image-based,#CC6677,0.9733598188976059
phantom,slow_drift,Slow drift,medium,13,SSIM,Type-2 NUFFT vs. Image-based,#CC6677,0.9726666582165658
phantom,slow_drift,Slow drift,medium,14,SSIM,Type-2 NUFFT vs. Image-based,#CC6677,0.9751382031034307
phantom,slow_drift,Slow drift,medium,15,SSIM,Type-2 NUFFT vs. Image-based,#CC6677,0.9746330547445959
phantom,slow_drift,Slow drift,medium,16,SSIM,Type-2 NUFFT vs. Image-based,#CC6677,0.9714395275028801
phantom,slow_drift,Slow drift,medium,17,SSIM,Type-2 NUFFT vs. Image-based,#CC6677,0.973689803889641
phantom,slow_drift,Slow drift,medium,18,SSIM,Type-2 NUFFT vs. Image-based,#CC6677,0.9748219120554357
phantom,slow_drift,Slow drift,medium,19,SSIM,Type-2 NUFFT vs. Image-based,#CC6677,0.96861483600668
phantom,slow_drift,Slow drift,medium,20,SSIM,Type-2 NUFFT vs. Image-based,#CC6677,0.9737375841657954
phantom,slow_drift,Slow drift,medium,1,SSIM,Type-1 NUFFT vs. Image-based,#DDCC77,0.9674715611366138
phantom,slow_drift,Slow drift,medium,2,SSIM,Type-1 NUFFT vs. Image-based,#DDCC77,0.971375199319963
phantom,slow_drift,Slow drift,medium,3,SSIM,Type-1 NUFFT vs. Image-based,#DDCC77,0.97647091604599
phantom,slow_drift,Slow drift,medium,4,SSIM,Type-1 NUFFT vs. Image-based,#DDCC77,0.9538830880097003
phantom,slow_drift,Slow drift,medium,5,SSIM,Type-1 NUFFT vs. Image-based,#DDCC77,0.9696363762127727
phantom,slow_drift,Slow drift,medium,6,SSIM,Type-1 NUFFT vs. Image-based,#DDCC77,0.9569954649267954
phantom,slow_drift,Slow drift,medium,7,SSIM,Type-1 NUFFT vs. Image-based,#DDCC77,0.9716417901433629
phantom,slow_drift,Slow drift,medium,8,SSIM,Type-1 NUFFT vs. Image-based,#DDCC77,0.9703839759856522
phantom,slow_drift,Slow drift,medium,9,SSIM,Type-1 NUFFT vs. Image-based,#DDCC77,0.9670078915069109
phantom,slow_drift,Slow drift,medium,10,SSIM,Type-1 NUFFT vs. Image-based,#DDCC77,0.9627667593795489
phantom,slow_drift,Slow drift,medium,11,SSIM,Type-1 NUFFT vs. Image-based,#DDCC77,0.9758306734927278
phantom,slow_drift,Slow drift,medium,12,SSIM,Type-1 NUFFT vs. Image-based,#DDCC77,0.9558134841443481
phantom,slow_drift,Slow drift,medium,13,SSIM,Type-1 NUFFT vs. Image-based,#DDCC77,0.9651807864415176
phantom,slow_drift,Slow drift,medium,14,SSIM,Type-1 NUFFT vs. Image-based,#DDCC77,0.9613076635976837
phantom,slow_drift,Slow drift,medium,15,SSIM,Type-1 NUFFT vs. Image-based,#DDCC77,0.9640327781382894
phantom,slow_drift,Slow drift,medium,16,SSIM,Type-1 NUFFT vs. Image-based,#DDCC77,0.9621671926191049
phantom,slow_drift,Slow drift,medium,17,SSIM,Type-1 NUFFT vs. Image-based,#DDCC77,0.96122372762554
phantom,slow_drift,Slow drift,medium,18,SSIM,Type-1 NUFFT vs. Image-based,#DDCC77,0.9646850011971272
phantom,slow_drift,Slow drift,medium,19,SSIM,Type-1 NUFFT vs. Image-based,#DDCC77,0.9601630940420142
phantom,slow_drift,Slow drift,medium,20,SSIM,Type-1 NUFFT vs. Image-based,#DDCC77,0.9639095999930671
phantom,slow_drift,Slow drift,medium,1,SSIM,Type-1 NUFFT vs. Type-2 NUFFT,#807dba,0.983170687290363
phantom,slow_drift,Slow drift,medium,2,SSIM,Type-1 NUFFT vs. Type-2 NUFFT,#807dba,0.9843573480513671
phantom,slow_drift,Slow drift,medium,3,SSIM,Type-1 NUFFT vs. Type-2 NUFFT,#807dba,0.9915929636952465
phantom,slow_drift,Slow drift,medium,4,SSIM,Type-1 NUFFT vs. Type-2 NUFFT,#807dba,0.9747601536036345
phantom,slow_drift,Slow drift,medium,5,SSIM,Type-1 NUFFT vs. Type-2 NUFFT,#807dba,0.987770538448689
phantom,slow_drift,Slow drift,medium,6,SSIM,Type-1 NUFFT vs. Type-2 NUFFT,#807dba,0.9764159336660883
phantom,slow_drift,Slow drift,medium,7,SSIM,Type-1 NUFFT vs. Type-2 NUFFT,#807dba,0.9872762197165167
phantom,slow_drift,Slow drift,medium,8,SSIM,Type-1 NUFFT vs. Type-2 NUFFT,#807dba,0.9871660204152863
phantom,slow_drift,Slow drift,medium,9,SSIM,Type-1 NUFFT vs. Type-2 NUFFT,#807dba,0.9846085444490527
phantom,slow_drift,Slow drift,medium,10,SSIM,Type-1 NUFFT vs. Type-2 NUFFT,#807dba,0.9797026541985713
phantom,slow_drift,Slow drift,medium,11,SSIM,Type-1 NUFFT vs. Type-2 NUFFT,#807dba,0.9922893423053146
phantom,slow_drift,Slow drift,medium,12,SSIM,Type-1 NUFFT vs. Type-2 NUFFT,#807dba,0.976758248231452
phantom,slow_drift,Slow drift,medium,13,SSIM,Type-1 NUFFT vs. Type-2 NUFFT,#807dba,0.9812751262244713
phantom,slow_drift,Slow drift,medium,14,SSIM,Type-1 NUFFT vs. Type-2 NUFFT,#807dba,0.9806832401991775
phantom,slow_drift,Slow drift,medium,15,SSIM,Type-1 NUFFT vs. Type-2 NUFFT,#807dba,0.9790467935779654
phantom,slow_drift,Slow drift,medium,16,SSIM,Type-1 NUFFT vs. Type-2 NUFFT,#807dba,0.9820327011337168
phantom,slow_drift,Slow drift,medium,17,SSIM,Type-1 NUFFT vs. Type-2 NUFFT,#807dba,0.9788686504285372
phantom,slow_drift,Slow drift,medium,18,SSIM,Type-1 NUFFT vs. Type-2 NUFFT,#807dba,0.9818474498082597
phantom,slow_drift,Slow drift,medium,19,SSIM,Type-1 NUFFT vs. Type-2 NUFFT,#807dba,0.9795811600673202
phantom,slow_drift,Slow drift,medium,20,SSIM,Type-1 NUFFT vs. Type-2 NUFFT,#807dba,0.9831906515496359
phantom,slow_drift,Slow drift,medium,1,RMSD,Type-2 NUFFT vs. Image-based,#CC6677,0.025663357222830432
phantom,slow_drift,Slow drift,medium,2,RMSD,Type-2 NUFFT vs. Image-based,#CC6677,0.025710402470798817
phantom,slow_drift,Slow drift,medium,3,RMSD,Type-2 NUFFT vs. Image-based,#CC6677,0.025555645990406904
phantom,slow_drift,Slow drift,medium,4,RMSD,Type-2 NUFFT vs. Image-based,#CC6677,0.026452436841618517
phantom,slow_drift,Slow drift,medium,5,RMSD,Type-2 NUFFT vs. Image-based,#CC6677,0.027046528197954056
phantom,slow_drift,Slow drift,medium,6,RMSD,Type-2 NUFFT vs. Image-based,#CC6677,0.025778670208885714
phantom,slow_drift,Slow drift,medium,7,RMSD,Type-2 NUFFT vs. Image-based,#CC6677,0.025450966594212598
phantom,slow_drift,Slow drift,medium,8,RMSD,Type-2 NUFFT vs. Image-based,#CC6677,0.026431966387646933
phantom,slow_drift,Slow drift,medium,9,RMSD,Type-2 NUFFT vs. Image-based,#CC6677,0.026466184924991334
phantom,slow_drift,Slow drift,medium,10,RMSD,Type-2 NUFFT vs. Image-based,#CC6677,0.024976372897192976
phantom,slow_drift,Slow drift,medium,11,RMSD,Type-2 NUFFT vs. Image-based,#CC6677,0.027356906880948023
phantom,slow_drift,Slow drift,medium,12,RMSD,Type-2 NUFFT vs. Image-based,#CC6677,0.026227118876772242
phantom,slow_drift,Slow drift,medium,13,RMSD,Type-2 NUFFT vs. Image-based,#CC6677,0.026910603942295705
phantom,slow_drift,Slow drift,medium,14,RMSD,Type-2 NUFFT vs. Image-based,#CC6677,0.02714341276764323
phantom,slow_drift,Slow drift,medium,15,RMSD,Type-2 NUFFT vs. Image-based,#CC6677,0.027174158494426025
phantom,slow_drift,Slow drift,medium,16,RMSD,Type-2 NUFFT vs. Image-based,#CC6677,0.026762936835866807
phantom,slow_drift,Slow drift,medium,17,RMSD,Type-2 NUFFT vs. Image-based,#CC6677,0.02765583399708317
phantom,slow_drift,Slow drift,medium,18,RMSD,Type-2 NUFFT vs. Image-based,#CC6677,0.025496478245641788
phantom,slow_drift,Slow drift,medium,19,RMSD,Type-2 NUFFT vs. Image-based,#CC6677,0.026943172624922903
phantom,slow_drift,Slow drift,medium,20,RMSD,Type-2 NUFFT vs. Image-based,#CC6677,0.026205904102523367
phantom,slow_drift,Slow drift,medium,1,RMSD,Type-1 NUFFT vs. Image-based,#DDCC77,0.027637180598912705
phantom,slow_drift,Slow drift,medium,2,RMSD,Type-1 NUFFT vs. Image-based,#DDCC77,0.027659025518327815
phantom,slow_drift,Slow drift,medium,3,RMSD,Type-1 NUFFT vs. Image-based,#DDCC77,0.026284913376625058
phantom,slow_drift,Slow drift,medium,4,RMSD,Type-1 NUFFT vs. Image-based,#DDCC77,0.028744622198516808
phantom,slow_drift,Slow drift,medium,5,RMSD,Type-1 NUFFT vs. Image-based,#DDCC77,0.028578861814071013
phantom,slow_drift,Slow drift,medium,6,RMSD,Type-1 NUFFT vs. Image-based,#DDCC77,0.02972097580624425
phantom,slow_drift,Slow drift,medium,7,RMSD,Type-1 NUFFT vs. Image-based,#DDCC77,0.027034047756367304
phantom,slow_drift,Slow drift,medium,8,RMSD,Type-1 NUFFT vs. Image-based,#DDCC77,0.027462272260326864
phantom,slow_drift,Slow drift,medium,9,RMSD,Type-1 NUFFT vs. Image-based,#DDCC77,0.02851491752982558
phantom,slow_drift,Slow drift,medium,10,RMSD,Type-1 NUFFT vs. Image-based,#DDCC77,0.027535575801389517
phantom,slow_drift,Slow drift,medium,11,RMSD,Type-1 NUFFT vs. Image-based,#DDCC77,0.02865762326981099
phantom,slow_drift,Slow drift,medium,12,RMSD,Type-1 NUFFT vs. Image-based,#DDCC77,0.029042386045185515
phantom,slow_drift,Slow drift,medium,13,RMSD,Type-1 NUFFT vs. Image-based,#DDCC77,0.029281766453348696
phantom,slow_drift,Slow drift,medium,14,RMSD,Type-1 NUFFT vs. Image-based,#DDCC77,0.028863119221363667
phantom,slow_drift,Slow drift,medium,15,RMSD,Type-1 NUFFT vs. Image-based,#DDCC77,0.02963255035831962
phantom,slow_drift,Slow drift,medium,16,RMSD,Type-1 NUFFT vs. Image-based,#DDCC77,0.02894646841383251
phantom,slow_drift,Slow drift,medium,17,RMSD,Type-1 NUFFT vs. Image-based,#DDCC77,0.0295215169530833
phantom,slow_drift,Slow drift,medium,18,RMSD,Type-1 NUFFT vs. Image-based,#DDCC77,0.027300415144938806
phantom,slow_drift,Slow drift,medium,19,RMSD,Type-1 NUFFT vs. Image-based,#DDCC77,0.028840558068349297
phantom,slow_drift,Slow drift,medium,20,RMSD,Type-1 NUFFT vs. Image-based,#DDCC77,0.028483359310149538
phantom,slow_drift,Slow drift,medium,1,RMSD,Type-1 NUFFT vs. Type-2 NUFFT,#807dba,0.014548587215521961
phantom,slow_drift,Slow drift,medium,2,RMSD,Type-1 NUFFT vs. Type-2 NUFFT,#807dba,0.01507695759873134
phantom,slow_drift,Slow drift,medium,3,RMSD,Type-1 NUFFT vs. Type-2 NUFFT,#807dba,0.010252421107170692
phantom,slow_drift,Slow drift,medium,4,RMSD,Type-1 NUFFT vs. Type-2 NUFFT,#807dba,0.014500942531414807
phantom,slow_drift,Slow drift,medium,5,RMSD,Type-1 NUFFT vs. Type-2 NUFFT,#807dba,0.01078022581228368
phantom,slow_drift,Slow drift,medium,6,RMSD,Type-1 NUFFT vs. Type-2 NUFFT,#807dba,0.017205552574696272
phantom,slow_drift,Slow drift,medium,7,RMSD,Type-1 NUFFT vs. Type-2 NUFFT,#807dba,0.012062243450026468
phantom,slow_drift,Slow drift,medium,8,RMSD,Type-1 NUFFT vs. Type-2 NUFFT,#807dba,0.011139172682865874
phantom,slow_drift,Slow drift,medium,9,RMSD,Type-1 NUFFT vs. Type-2 NUFFT,#807dba,0.0144583360330758
phantom,slow_drift,Slow drift,medium,10,RMSD,Type-1 NUFFT vs. Type-2 NUFFT,#807dba,0.015180193318334733
phantom,slow_drift,Slow drift,medium,11,RMSD,Type-1 NUFFT vs. Type-2 NUFFT,#807dba,0.011023319947394966
phantom,slow_drift,Slow drift,medium,12,RMSD,Type-1 NUFFT vs. Type-2 NUFFT,#807dba,0.015392651344750725
phantom,slow_drift,Slow drift,medium,13,RMSD,Type-1 NUFFT vs. Type-2 NUFFT,#807dba,0.01658067823528331
phantom,slow_drift,Slow drift,medium,14,RMSD,Type-1 NUFFT vs. Type-2 NUFFT,#807dba,0.0125802407667843
phantom,slow_drift,Slow drift,medium,15,RMSD,Type-1 NUFFT vs. Type-2 NUFFT,#807dba,0.015571082005689425
phantom,slow_drift,Slow drift,medium,16,RMSD,Type-1 NUFFT vs. Type-2 NUFFT,#807dba,0.014965763730164783
phantom,slow_drift,Slow drift,medium,17,RMSD,Type-1 NUFFT vs. Type-2 NUFFT,#807dba,0.012454877660226729
phantom,slow_drift,Slow drift,medium,18,RMSD,Type-1 NUFFT vs. Type-2 NUFFT,#807dba,0.013322716652612325
phantom,slow_drift,Slow drift,medium,19,RMSD,Type-1 NUFFT vs. Type-2 NUFFT,#807dba,0.014667054186904435
phantom,slow_drift,Slow drift,medium,20,RMSD,Type-1 NUFFT vs. Type-2 NUFFT,#807dba,0.014850700643110476
phantom,slow_drift,Slow drift,high,1,SSIM,Type-2 NUFFT vs. Image-based,#CC6677,0.9688137271416368
phantom,slow_drift,Slow drift,high,2,SSIM,Type-2 NUFFT vs. Image-based,#CC6677,0.9724463780372283
phantom,slow_drift,Slow drift,high,3,SSIM,Type-2 NUFFT vs. Image-based,#CC6677,0.9737902437383236
phantom,slow_drift,Slow drift,high,4,SSIM,Type-2 NUFFT vs. Image-based,#CC6677,0.9618806571923991
phantom,slow_drift,Slow drift,high,5,SSIM,Type-2 NUFFT vs. Image-based,#CC6677,0.9716280405290256
phantom,slow_drift,Slow drift,high,6,SSIM,Type-2 NUFFT vs. Image-based,#CC6677,0.9679035059749955
phantom,slow_drift,Slow drift,high,7,SSIM,Type-2 NUFFT vs. Image-based,#CC6677,0.9707997655660295
phantom,slow_drift,Slow drift,high,8,SSIM,Type-2 NUFFT vs. Image-based,#CC6677,0.9691857871873704
phantom,slow_drift,Slow drift,high,9,SSIM,Type-2 NUFFT vs. Image-based,#CC6677,0.9669396784837762
phantom,slow_drift,Slow drift,high,10,SSIM,Type-2 NUFFT vs. Image-based,#CC6677,0.9686588794992256
phantom,slow_drift,Slow drift,high,11,SSIM,Type-2 NUFFT vs. Image-based,#CC6677,0.9740570147534778
phantom,slow_drift,Slow drift,high,12,SSIM,Type-2 NUFFT vs. Image-based,#CC6677,0.9678996352213286
phantom,slow_drift,Slow drift,high,13,SSIM,Type-2 NUFFT vs. Image-based,#CC6677,0.9648516210470234
phantom,slow_drift,Slow drift,high,14,SSIM,Type-2 NUFFT vs. Image-based,#CC6677,0.9696195466272547
phantom,slow_drift,Slow drift,high,15,SSIM,Type-2 NUFFT vs. Image-based,#CC6677,0.96864550439405
phantom,slow_drift,Slow drift,high,16,SSIM,Type-2 NUFFT vs. Image-based,#CC6677,0.9631329173346662
phantom,slow_drift,Slow drift,high,17,SSIM,Type-2 NUFFT vs. Image-based,#CC6677,0.970602200609382
phantom,slow_drift,Slow drift,high,18,SSIM,Type-2 NUFFT vs. Image-based,#CC6677,0.9669292792375929
phantom,slow_drift,Slow drift,high,19,SSIM,Type-2 NUFFT vs. Image-based,#CC6677,0.9619182652075231
phantom,slow_drift,Slow drift,high,20,SSIM,Type-2 NUFFT vs. Image-based,#CC6677,0.9671175077523679
phantom,slow_drift,Slow drift,high,1,SSIM,Type-1 NUFFT vs. Image-based,#DDCC77,0.9410308780884903
phantom,slow_drift,Slow drift,high,2,SSIM,Type-1 NUFFT vs. Image-based,#DDCC77,0.949912452027421
phantom,slow_drift,Slow drift,high,3,SSIM,Type-1 NUFFT vs. Image-based,#DDCC77,0.9632160327212551
phantom,slow_drift,Slow drift,high,4,SSIM,Type-1 NUFFT vs. Image-based,#DDCC77,0.9153278126230674
phantom,slow_drift,Slow drift,high,5,SSIM,Type-1 NUFFT vs. Image-based,#DDCC77,0.9470257497552221
phantom,slow_drift,Slow drift,high,6,SSIM,Type-1 NUFFT vs. Image-based,#DDCC77,0.920155514812084
phantom,slow_drift,Slow drift,high,7,SSIM,Type-1 NUFFT vs. Image-based,#DDCC77,0.947828205851179
phantom,slow_drift,Slow drift,high,8,SSIM,Type-1 NUFFT vs. Image-based,#DDCC77,0.9484999034612843
phantom,slow_drift,Slow drift,high,9,SSIM,Type-1 NUFFT vs. Image-based,#DDCC77,0.9392230743872396
phantom,slow_drift,Slow drift,high,10,SSIM,Type-1 NUFFT vs. Image-based,#DDCC77,0.9336205875350421
phantom,slow_drift,Slow drift,high,11,SSIM,Type-1 NUFFT vs. Image-based,#DDCC77,0.9623939689834977
phantom,slow_drift,Slow drift,high,12,SSIM,Type-1 NUFFT vs. Image-based,#DDCC77,0.921075302184652
phantom,slow_drift,Slow drift,high,13,SSIM,Type-1 NUFFT vs. Image-based,#DDCC77,0.9336314606595483
phantom,slow_drift,Slow drift,high,14,SSIM,Type-1 NUFFT vs. Image-based,#DDCC77,0.927185771094964
phantom,slow_drift,Slow drift,high,15,SSIM,Type-1 NUFFT vs. Image-based,#DDCC77,0.9312496939785867
phantom,slow_drift,Slow drift,high,16,SSIM,Type-1 NUFFT vs. Image-based,#DDCC77,0.9294569385649738
phantom,slow_drift,Slow drift,high,17,SSIM,Type-1 NUFFT vs. Image-based,#DDCC77,0.9335221982940929
phantom,slow_drift,Slow drift,high,18,SSIM,Type-1 NUFFT vs. Image-based,#DDCC77,0.9309175137600221
phantom,slow_drift,Slow drift,high,19,SSIM,Type-1 NUFFT vs. Image-based,#DDCC77,0.9301745234327177
phantom,slow_drift,Slow drift,high,20,SSIM,Type-1 NUFFT vs. Image-based,#DDCC77,0.9325421552586051
phantom,slow_drift,Slow drift,high,1,SSIM,Type-1 NUFFT vs. Type-2 NUFFT,#807dba,0.9536608703871459
phantom,slow_drift,Slow drift,high,2,SSIM,Type-1 NUFFT vs. Type-2 NUFFT,#807dba,0.9562905738220651
phantom,slow_drift,Slow drift,high,3,SSIM,Type-1 NUFFT vs. Type-2 NUFFT,#807dba,0.9762916366397458
phantom,slow_drift,Slow drift,high,4,SSIM,Type-1 NUFFT vs. Type-2 NUFFT,#807dba,0.9332981387355337
phantom,slow_drift,Slow drift,high,5,SSIM,Type-1 NUFFT vs. Type-2 NUFFT,#807dba,0.9644131492414256
phantom,slow_drift,Slow drift,high,6,SSIM,Type-1 NUFFT vs. Type-2 NUFFT,#807dba,0.9366396749898014
phantom,slow_drift,Slow drift,high,7,SSIM,Type-1 NUFFT vs. Type-2 NUFFT,#807dba,0.9601322488894827
phantom,slow_drift,Slow drift,high,8,SSIM,Type-1 NUFFT vs. Type-2 NUFFT,#807dba,0.9620318693729099
phantom,slow_drift,Slow drift,high,9,SSIM,Type-1 NUFFT vs. Type-2 NUFFT,#807dba,0.9529302838938845
phantom,slow_drift,Slow drift,high,10,SSIM,Type-1 NUFFT vs. Type-2 NUFFT,#807dba,0.9468000718168007
phantom,slow_drift,Slow drift,high,11,SSIM,Type-1 NUFFT vs. Type-2 NUFFT,#807dba,0.9763026604058644
phantom,slow_drift,Slow drift,high,12,SSIM,Type-1 NUFFT vs. Type-2 NUFFT,#807dba,0.9385947072879108
phantom,slow_drift,Slow drift,high,13,SSIM,Type-1 NUFFT vs. Type-2 NUFFT,#807dba,0.9447765672533796
phantom,slow_drift,Slow drift,high,14,SSIM,Type-1 NUFFT vs. Type-2 NUFFT,#807dba,0.9441913549614299
phantom,slow_drift,Slow drift,high,15,SSIM,Type-1 NUFFT vs. Type-2 NUFFT,#807dba,0.9426848877377346
phantom,slow_drift,Slow drift,high,16,SSIM,Type-1 NUFFT vs. Type-2 NUFFT,#807dba,0.9402768704887291
phantom,slow_drift,Slow drift,high,17,SSIM,Type-1 NUFFT vs. Type-2 NUFFT,#807dba,0.9501949254410369
phantom,slow_drift,Slow drift,high,18,SSIM,Type-1 NUFFT vs. Type-2 NUFFT,#807dba,0.9462912036960104
phantom,slow_drift,Slow drift,high,19,SSIM,Type-1 NUFFT vs. Type-2 NUFFT,#807dba,0.9415959652970757
phantom,slow_drift,Slow drift,high,20,SSIM,Type-1 NUFFT vs. Type-2 NUFFT,#807dba,0.9455279966125253
phantom,slow_drift,Slow drift,high,1,RMSD,Type-2 NUFFT vs. Image-based,#CC6677,0.025629254983294956
phantom,slow_drift,Slow drift,high,2,RMSD,Type-2 NUFFT vs. Image-based,#CC6677,0.02579090708379426
phantom,slow_drift,Slow drift,high,3,RMSD,Type-2 NUFFT vs. Image-based,#CC6677,0.025823355511306222
phantom,slow_drift,Slow drift,high,4,RMSD,Type-2 NUFFT vs. Image-based,#CC6677,0.02672699582037708
phantom,slow_drift,Slow drift,high,5,RMSD,Type-2 NUFFT vs. Image-based,#CC6677,0.026155463920580206
phantom,slow_drift,Slow drift,high,6,RMSD,Type-2 NUFFT vs. Image-based,#CC6677,0.025463613456851785
phantom,slow_drift,Slow drift,high,7,RMSD,Type-2 NUFFT vs. Image-based,#CC6677,0.0265044079446799
phantom,slow_drift,Slow drift,high,8,RMSD,Type-2 NUFFT vs. Image-based,#CC6677,0.026237158980381002
phantom,slow_drift,Slow drift,high,9,RMSD,Type-2 NUFFT vs. Image-based,#CC6677,0.02639231359630407
phantom,slow_drift,Slow drift,high,10,RMSD,Type-2 NUFFT vs. Image-based,#CC6677,0.025742282156049217
phantom,slow_drift,Slow drift,high,11,RMSD,Type-2 NUFFT vs. Image-based,#CC6677,0.026899651600329644
phantom,slow_drift,Slow drift,high,12,RMSD,Type-2 NUFFT vs. Image-based,#CC6677,0.025630612401935288
phantom,slow_drift,Slow drift,high,13,RMSD,Type-2 NUFFT vs. Image-based,#CC6677,0.026318365967257902
phantom,slow_drift,Slow drift,high,14,RMSD,Type-2 NUFFT vs. Image-based,#CC6677,0.0261290117506273
phantom,slow_drift,Slow drift,high,15,RMSD,Type-2 NUFFT vs. Image-based,#CC6677,0.027037935869749074
phantom,slow_drift,Slow drift,high,16,RMSD,Type-2 NUFFT vs. Image-based,#CC6677,0.026535327395953316
phantom,slow_drift,Slow drift,high,17,RMSD,Type-2 NUFFT vs. Image-based,#CC6677,0.026395602602567493
phantom,slow_drift,Slow drift,high,18,RMSD,Type-2 NUFFT vs. Image-based,#CC6677,0.025298134846450326
phantom,slow_drift,Slow drift,high,19,RMSD,Type-2 NUFFT vs. Image-based,#CC6677,0.026469518882804473
phantom,slow_drift,Slow drift,high,20,RMSD,Type-2 NUFFT vs. Image-based,#CC6677,0.025705665543409802
phantom,slow_drift,Slow drift,high,1,RMSD,Type-1 NUFFT vs. Image-based,#DDCC77,0.03716965087689547
phantom,slow_drift,Slow drift,high,2,RMSD,Type-1 NUFFT vs. Image-based,#DDCC77,0.03640693652328933
phantom,slow_drift,Slow drift,high,3,RMSD,Type-1 NUFFT vs. Image-based,#DDCC77,0.0301303789165268
phantom,slow_drift,Slow drift,high,4,RMSD,Type-1 NUFFT vs. Image-based,#DDCC77,0.03525857141520499
phantom,slow_drift,Slow drift,high,5,RMSD,Type-1 NUFFT vs. Image-based,#DDCC77,0.03219914185990668
phantom,slow_drift,Slow drift,high,6,RMSD,Type-1 NUFFT vs. Image-based,#DDCC77,0.04013572279484786
phantom,slow_drift,Slow drift,high,7,RMSD,Type-1 NUFFT vs. Image-based,#DDCC77,0.03314795560937481
phantom,slow_drift,Slow drift,high,8,RMSD,Type-1 NUFFT vs. Image-based,#DDCC77,0.03064252221151229
phantom,slow_drift,Slow drift,high,9,RMSD,Type-1 NUFFT vs. Image-based,#DDCC77,0.035303658389141866
phantom,slow_drift,Slow drift,high,10,RMSD,Type-1 NUFFT vs. Image-based,#DDCC77,0.035597458499243305
phantom,slow_drift,Slow drift,high,11,RMSD,Type-1 NUFFT vs. Image-based,#DDCC77,0.03419172944673804
phantom,slow_drift,Slow drift,high,12,RMSD,Type-1 NUFFT vs. Image-based,#DDCC77,0.0363337601249291
phantom,slow_drift,Slow drift,high,13,RMSD,Type-1 NUFFT vs. Image-based,#DDCC77,0.03680204652223014
phantom,slow_drift,Slow drift,high,14,RMSD,Type-1 NUFFT vs. Image-based,#DDCC77,0.033569367300542545
phantom,slow_drift,Slow drift,high,15,RMSD,Type-1 NUFFT vs. Image-based,#DDCC77,0.03891522453423003
phantom,slow_drift,Slow drift,high,16,RMSD,Type-1 NUFFT vs. Image-based,#DDCC77,0.03487231775156928
phantom,slow_drift,Slow drift,high,17,RMSD,Type-1 NUFFT vs. Image-based,#DDCC77,0.03301245882157269
phantom,slow_drift,Slow drift,high,18,RMSD,Type-1 NUFFT vs. Image-based,#DDCC77,0.03373660424374028
phantom,slow_drift,Slow drift,high,19,RMSD,Type-1 NUFFT vs. Image-based,#DDCC77,0.034677776298225695
phantom,slow_drift,Slow drift,high,20,RMSD,Type-1 NUFFT vs. Image-based,#DDCC77,0.03536326749027312
phantom,slow_drift,Slow drift,high,1,RMSD,Type-1 NUFFT vs. Type-2 NUFFT,#807dba,0.03242499661654102
phantom,slow_drift,Slow drift,high,2,RMSD,Type-1 NUFFT vs. Type-2 NUFFT,#807dba,0.03304306121961208
phantom,slow_drift,Slow drift,high,3,RMSD,Type-1 NUFFT vs. Type-2 NUFFT,#807dba,0.0219035178675706
phantom,slow_drift,Slow drift,high,4,RMSD,Type-1 NUFFT vs. Type-2 NUFFT,#807dba,0.028324810339605058
phantom,slow_drift,Slow drift,high,5,RMSD,Type-1 NUFFT vs. Type-2 NUFFT,#807dba,0.02203731797975536
phantom,slow_drift,Slow drift,high,6,RMSD,Type-1 NUFFT vs. Type-2 NUFFT,#807dba,0.03518323453022401
phantom,slow_drift,Slow drift,high,7,RMSD,Type-1 NUFFT vs. Type-2 NUFFT,#807dba,0.026203293559941304
phantom,slow_drift,Slow drift,high,8,RMSD,Type-1 NUFFT vs. Type-2 NUFFT,#807dba,0.022491725662996193
phantom,slow_drift,Slow drift,high,9,RMSD,Type-1 NUFFT vs. Type-2 NUFFT,#807dba,0.030758347800295592
phantom,slow_drift,Slow drift,high,10,RMSD,Type-1 NUFFT vs. Type-2 NUFFT,#807dba,0.030558839593396562
phantom,slow_drift,Slow drift,high,11,RMSD,Type-1 NUFFT vs. Type-2 NUFFT,#807dba,0.025464711872186258
phantom,slow_drift,Slow drift,high,12,RMSD,Type-1 NUFFT vs. Type-2 NUFFT,#807dba,0.030468304341288034
phantom,slow_drift,Slow drift,high,13,RMSD,Type-1 NUFFT vs. Type-2 NUFFT,#807dba,0.033529815482791714
phantom,slow_drift,Slow drift,high,14,RMSD,Type-1 NUFFT vs. Type-2 NUFFT,#807dba,0.024839525380802346
phantom,slow_drift,Slow drift,high,15,RMSD,Type-1 NUFFT vs. Type-2 NUFFT,#807dba,0.03402161081002681
phantom,slow_drift,Slow drift,high,16,RMSD,Type-1 NUFFT vs. Type-2 NUFFT,#807dba,0.030055725432498074
phantom,slow_drift,Slow drift,high,17,RMSD,Type-1 NUFFT vs. Type-2 NUFFT,#807dba,0.02348182931824474
phantom,slow_drift,Slow drift,high,18,RMSD,Type-1 NUFFT vs. Type-2 NUFFT,#807dba,0.02761153803314239
phantom,slow_drift,Slow drift,high,19,RMSD,Type-1 NUFFT vs. Type-2 NUFFT,#807dba,0.029434751161412236
phantom,slow_drift,Slow drift,high,20,RMSD,Type-1 NUFFT vs. Type-2 NUFFT,#807dba,0.03124552756009082
phantom,spikes,Spikes,low,1,SSIM,Type-2 NUFFT vs. Image-based,#CC6677,0.998055154990897
phantom,spikes,Spikes,low,2,SSIM,Type-2 NUFFT vs. Image-based,#CC6677,0.998929967789967
phantom,spikes,Spikes,low,3,SSIM,Type-2 NUFFT vs. Image-based,#CC6677,0.9988655757626651
phantom,spikes,Spikes,low,4,SSIM,Type-2 NUFFT vs. Image-based,#CC6677,0.9987740010979509
phantom,spikes,Spikes,low,5,SSIM,Type-2 NUFFT vs. Image-based,#CC6677,0.9988461580906254
phantom,spikes,Spikes,low,6,SSIM,Type-2 NUFFT vs. Image-based,#CC6677,0.9984262286397584
phantom,spikes,Spikes,low,7,SSIM,Type-2 NUFFT vs. Image-based,#CC6677,0.9983651115503084
phantom,spikes,Spikes,low,8,SSIM,Type-2 NUFFT vs. Image-based,#CC6677,0.9983914919675165
phantom,spikes,Spikes,low,9,SSIM,Type-2 NUFFT vs. Image-based,#CC6677,0.9978047560304081
phantom,spikes,Spikes,low,10,SSIM,Type-2 NUFFT vs. Image-based,#CC6677,0.9989702834433484
phantom,spikes,Spikes,low,11,SSIM,Type-2 NUFFT vs. Image-based,#CC6677,0.9979059396472318
phantom,spikes,Spikes,low,12,SSIM,Type-2 NUFFT vs. Image-based,#CC6677,0.9987307835372459
phantom,spikes,Spikes,low,13,SSIM,Type-2 NUFFT vs. Image-based,#CC6677,0.998654286741484
phantom,spikes,Spikes,low,14,SSIM,Type-2 NUFFT vs. Image-based,#CC6677,0.9983517211603781
phantom,spikes,Spikes,low,15,SSIM,Type-2 NUFFT vs. Image-based,#CC6677,0.9989850679308037
phantom,spikes,Spikes,low,16,SSIM,Type-2 NUFFT vs. Image-based,#CC6677,0.9986370089509167
phantom,spikes,Spikes,low,17,SSIM,Type-2 NUFFT vs. Image-based,#CC6677,0.9981162019467961
phantom,spikes,Spikes,low,18,SSIM,Type-2 NUFFT vs. Image-based,#CC6677,0.998528121175347
phantom,spikes,Spikes,low,19,SSIM,Type-2 NUFFT vs. Image-based,#CC6677,0.9990263211113962
phantom,spikes,Spikes,low,20,SSIM,Type-2 NUFFT vs. Image-based,#CC6677,0.9981994033892689
phantom,spikes,Spikes,low,1,SSIM,Type-1 NUFFT vs. Image-based,#DDCC77,0.967284571913912
phantom,spikes,Spikes,low,2,SSIM,Type-1 NUFFT vs. Image-based,#DDCC77,0.9794284937944147
phantom,spikes,Spikes,low,3,SSIM,Type-1 NUFFT vs. Image-based,#DDCC77,0.949606798562898
phantom,spikes,Spikes,low,4,SSIM,Type-1 NUFFT vs. Image-based,#DDCC77,0.975382306042087
phantom,spikes,Spikes,low,5,SSIM,Type-1 NUFFT vs. Image-based,#DDCC77,0.9897891876348969
phantom,spikes,Spikes,low,6,SSIM,Type-1 NUFFT vs. Image-based,#DDCC77,0.9831107343320541
phantom,spikes,Spikes,low,7,SSIM,Type-1 NUFFT vs. Image-based,#DDCC77,0.991633018677681
phantom,spikes,Spikes,low,8,SSIM,Type-1 NUFFT vs. Image-based,#DDCC77,0.9668052905643212
phantom,spikes,Spikes,low,9,SSIM,Type-1 NUFFT vs. Image-based,#DDCC77,0.9751504962634061
phantom,spikes,Spikes,low,10,SSIM,Type-1 NUFFT vs. Image-based,#DDCC77,0.9942786877321739
phantom,spikes,Spikes,low,11,SSIM,Type-1 NUFFT vs. Image-based,#DDCC77,0.987281548560765
phantom,spikes,Spikes,low,12,SSIM,Type-1 NUFFT vs. Image-based,#DDCC77,0.9784417284846391
phantom,spikes,Spikes,low,13,SSIM,Type-1 NUFFT vs. Image-based,#DDCC77,0.9743179025761805
phantom,spikes,Spikes,low,14,SSIM,Type-1 NUFFT vs. Image-based,#DDCC77,0.9751027971809902
phantom,spikes,Spikes,low,15,SSIM,Type-1 NUFFT vs. Image-based,#DDCC77,0.9586059729167586
phantom,spikes,Spikes,low,16,SSIM,Type-1 NUFFT vs. Image-based,#DDCC77,0.9807740005240312
phantom,spikes,Spikes,low,17,SSIM,Type-1 NUFFT vs. Image-based,#DDCC77,0.963615078378614
phantom,spikes,Spikes,low,18,SSIM,Type-1 NUFFT vs. Image-based,#DDCC77,0.9863403746181001
phantom,spikes,Spikes,low,19,SSIM,Type-1 NUFFT vs. Image-based,#DDCC77,0.9611475636803805
phantom,spikes,Spikes,low,20,SSIM,Type-1 NUFFT vs. Image-based,#DDCC77,0.9850520831668246
phantom,spikes,Spikes,low,1,SSIM,Type-1 NUFFT vs. Type-2 NUFFT,#807dba,0.9658442510231721
phantom,spikes,Spikes,low,2,SSIM,Type-1 NUFFT vs. Type-2 NUFFT,#807dba,0.979183928293991
phantom,spikes,Spikes,low,3,SSIM,Type-1 NUFFT vs. Type-2 NUFFT,#807dba,0.9495794773222413
phantom,spikes,Spikes,low,4,SSIM,Type-1 NUFFT vs. Type-2 NUFFT,#807dba,0.9743376808153774
phantom,spikes,Spikes,low,5,SSIM,Type-1 NUFFT vs. Type-2 NUFFT,#807dba,0.988585108145864
phantom,spikes,Spikes,low,6,SSIM,Type-1 NUFFT vs. Type-2 NUFFT,#807dba,0.9824457594763037
phantom,spikes,Spikes,low,7,SSIM,Type-1 NUFFT vs. Type-2 NUFFT,#807dba,0.9900408845162733
phantom,spikes,Spikes,low,8,SSIM,Type-1 NUFFT vs. Type-2 NUFFT,#807dba,0.9655125692070066
phantom,spikes,Spikes,low,9,SSIM,Type-1 NUFFT vs. Type-2 NUFFT,#807dba,0.9731794231860779
phantom,spikes,Spikes,low,10,SSIM,Type-1 NUFFT vs. Type-2 NUFFT,#807dba,0.9934711313836967
phantom,spikes,Spikes,low,11,SSIM,Type-1 NUFFT vs. Type-2 NUFFT,#807dba,0.9858952286393506
phantom,spikes,Spikes,low,12,SSIM,Type-1 NUFFT vs. Type-2 NUFFT,#807dba,0.9769724809319622
phantom,spikes,Spikes,low,13,SSIM,Type-1 NUFFT vs. Type-2 NUFFT,#807dba,0.9737407381986206
phantom,spikes,Spikes,low,14,SSIM,Type-1 NUFFT vs. Type-2 NUFFT,#807dba,0.9739726171715327
phantom,spikes,Spikes,low,15,SSIM,Type-1 NUFFT vs. Type-2 NUFFT,#807dba,0.9571335483939706
phantom,spikes,Spikes,low,16,SSIM,Type-1 NUFFT vs. Type-2 NUFFT,#807dba,0.9797174743579171
phantom,spikes,Spikes,low,17,SSIM,Type-1 NUFFT vs. Type-2 NUFFT,#807dba,0.9615543781448953
phantom,spikes,Spikes,low,18,SSIM,Type-1 NUFFT vs. Type-2 NUFFT,#807dba,0.9854564541727853
phantom,spikes,Spikes,low,19,SSIM,Type-1 NUFFT vs. Type-2 NUFFT,#807dba,0.9603402995716478
phantom,spikes,Spikes,low,20,SSIM,Type-1 NUFFT vs. Type-2 NUFFT,#807dba,0.9834182649780939
phantom,spikes,Spikes,low,1,RMSD,Type-2 NUFFT vs. Image-based,#CC6677,0.002507703887620046
phantom,spikes,Spikes,low,2,RMSD,Type-2 NUFFT vs. Image-based,#CC6677,0.0019494641559770437
phantom,spikes,Spikes,low,3,RMSD,Type-2 NUFFT vs. Image-based,#CC6677,0.002153251115224427
phantom,spikes,Spikes,low,4,RMSD,Type-2 NUFFT vs. Image-based,#CC6677,0.0021076532317045823
phantom,spikes,Spikes,low,5,RMSD,Type-2 NUFFT vs. Image-based,#CC6677,0.0017111123023945821
phantom,spikes,Spikes,low,6,RMSD,Type-2 NUFFT vs. Image-based,#CC6677,0.002137650301060168
phantom,spikes,Spikes,low,7,RMSD,Type-2 NUFFT vs. Image-based,#CC6677,0.0021660178392894306
phantom,spikes,Spikes,low,8,RMSD,Type-2 NUFFT vs. Image-based,#CC6677,0.0022572567039171906
phantom,spikes,Spikes,low,9,RMSD,Type-2 NUFFT vs. Image-based,#CC6677,0.0025201107066414857
phantom,spikes,Spikes,low,10,RMSD,Type-2 NUFFT vs. Image-based,#CC6677,0.0018850532255921474
phantom,spikes,Spikes,low,11,RMSD,Type-2 NUFFT vs. Image-based,#CC6677,0.0023676125088233787
phantom,spikes,Spikes,low,12,RMSD,Type-2 NUFFT vs. Image-based,#CC6677,0.0020502397492230774
phantom,spikes,Spikes,low,13,RMSD,Type-2 NUFFT vs. Image-based,#CC6677,0.001845826847088219
phantom,spikes,Spikes,low,14,RMSD,Type-2 NUFFT vs. Image-based,#CC6677,0.002146800740877829
phantom,spikes,Spikes,low,15,RMSD,Type-2 NUFFT vs. Image-based,#CC6677,0.0020731286199724922
phantom,spikes,Spikes,low,16,RMSD,Type-2 NUFFT vs. Image-based,#CC6677,0.0020417320779195494
phantom,spikes,Spikes,low,17,RMSD,Type-2 NUFFT vs. Image-based,#CC6677,0.0025238381693931957
phantom,spikes,Spikes,low,18,RMSD,Type-2 NUFFT vs. Image-based,#CC6677,0.0020060509825426385
phantom,spikes,Spikes,low,19,RMSD,Type-2 NUFFT vs. Image-based,#CC6677,0.0021436913079783985
phantom,spikes,Spikes,low,20,RMSD,Type-2 NUFFT vs. Image-based,#CC6677,0.002133028461292779
phantom,spikes,Spikes,low,1,RMSD,Type-1 NUFFT vs. Image-based,#DDCC77,0.011881898493127492
phantom,spikes,Spikes,low,2,RMSD,Type-1 NUFFT vs. Image-based,#DDCC77,0.007683506439122727
phantom,spikes,Spikes,low,3,RMSD,Type-1 NUFFT vs. Image-based,#DDCC77,0.021251914043918047
phantom,spikes,Spikes,low,4,RMSD,Type-1 NUFFT vs. Image-based,#DDCC77,0.009087274974090159
phantom,spikes,Spikes,low,5,RMSD,Type-1 NUFFT vs. Image-based,#DDCC77,0.00621064361959025
phantom,spikes,Spikes,low,6,RMSD,Type-1 NUFFT vs. Image-based,#DDCC77,0.007267472680501118
phantom,spikes,Spikes,low,7,RMSD,Type-1 NUFFT vs. Image-based,#DDCC77,0.005643830856695455
phantom,spikes,Spikes,low,8,RMSD,Type-1 NUFFT vs. Image-based,#DDCC77,0.01193429822460924
phantom,spikes,Spikes,low,9,RMSD,Type-1 NUFFT vs. Image-based,#DDCC77,0.0099280542757611
phantom,spikes,Spikes,low,10,RMSD,Type-1 NUFFT vs. Image-based,#DDCC77,0.004372545767159208
phantom,spikes,Spikes,low,11,RMSD,Type-1 NUFFT vs. Image-based,#DDCC77,0.0068219168357888365
phantom,spikes,Spikes,low,12,RMSD,Type-1 NUFFT vs. Image-based,#DDCC77,0.00865095623941917
phantom,spikes,Spikes,low,13,RMSD,Type-1 NUFFT vs. Image-based,#DDCC77,0.009603672320184869
phantom,spikes,Spikes,low,14,RMSD,Type-1 NUFFT vs. Image-based,#DDCC77,0.00946486743241122
phantom,spikes,Spikes,low,15,RMSD,Type-1 NUFFT vs. Image-based,#DDCC77,0.01560590251920257
phantom,spikes,Spikes,low,16,RMSD,Type-1 NUFFT vs. Image-based,#DDCC77,0.007970424773414005
phantom,spikes,Spikes,low,17,RMSD,Type-1 NUFFT vs. Image-based,#DDCC77,0.013175125411372161
phantom,spikes,Spikes,low,18,RMSD,Type-1 NUFFT vs. Image-based,#DDCC77,0.0068006724227935005
phantom,spikes,Spikes,low,19,RMSD,Type-1 NUFFT vs. Image-based,#DDCC77,0.015462730046389771
phantom,spikes,Spikes,low,20,RMSD,Type-1 NUFFT vs. Image-based,#DDCC77,0.007255295474666083
phantom,spikes,Spikes,low,1,RMSD,Type-1 NUFFT vs. Type-2 NUFFT,#807dba,0.012382828007054906
phantom,spikes,Spikes,low,2,RMSD,Type-1 NUFFT vs. Type-2 NUFFT,#807dba,0.008031213250692799
phantom,spikes,Spikes,low,3,RMSD,Type-1 NUFFT vs. Type-2 NUFFT,#807dba,0.02149555905032967
phantom,spikes,Spikes,low,4,RMSD,Type-1 NUFFT vs. Type-2 NUFFT,#807dba,0.009669938187429063
phantom,spikes,Spikes,low,5,RMSD,Type-1 NUFFT vs. Type-2 NUFFT,#807dba,0.006823028874284031
phantom,spikes,Spikes,low,6,RMSD,Type-1 NUFFT vs. Type-2 NUFFT,#807dba,0.007898034868166225
phantom,spikes,Spikes,low,7,RMSD,Type-1 NUFFT vs. Type-2 NUFFT,#807dba,0.006348279478080733
phantom,spikes,Spikes,low,8,RMSD,Type-1 NUFFT vs. Type-2 NUFFT,#807dba,0.012364729160054422
phantom,spikes,Spikes,low,9,RMSD,Type-1 NUFFT vs. Type-2 NUFFT,#807dba,0.010594688674608287
phantom,spikes,Spikes,low,10,RMSD,Type-1 NUFFT vs. Type-2 NUFFT,#807dba,0.004979858569813373
phantom,spikes,Spikes,low,11,RMSD,Type-1 NUFFT vs. Type-2 NUFFT,#807dba,0.007539186633863192
phantom,spikes,Spikes,low,12,RMSD,Type-1 NUFFT vs. Type-2 NUFFT,#807dba,0.009329997237168966
phantom,spikes,Spikes,low,13,RMSD,Type-1 NUFFT vs. Type-2 NUFFT,#807dba,0.010009497000726921
phantom,spikes,Spikes,low,14,RMSD,Type-1 NUFFT vs. Type-2 NUFFT,#807dba,0.010016998037083613
phantom,spikes,Spikes,low,15,RMSD,Type-1 NUFFT vs. Type-2 NUFFT,#807dba,0.015970138841402904
phantom,spikes,Spikes,low,16,RMSD,Type-1 NUFFT vs. Type-2 NUFFT,#807dba,0.008586846610263536
phantom,spikes,Spikes,low,17,RMSD,Type-1 NUFFT vs. Type-2 NUFFT,#807dba,0.01368882639119575
phantom,spikes,Spikes,low,18,RMSD,Type-1 NUFFT vs. Type-2 NUFFT,#807dba,0.007405044100144533
phantom,spikes,Spikes,low,19,RMSD,Type-1 NUFFT vs. Type-2 NUFFT,#807dba,0.01574852824821068
phantom,spikes,Spikes,low,20,RMSD,Type-1 NUFFT vs. Type-2 NUFFT,#807dba,0.007885295559144117
phantom,spikes,Spikes,medium,1,SSIM,Type-2 NUFFT vs. Image-based,#CC6677,0.9982117252344958
phantom,spikes,Spikes,medium,2,SSIM,Type-2 NUFFT vs. Image-based,#CC6677,0.9984365168165659
phantom,spikes,Spikes,medium,3,SSIM,Type-2 NUFFT vs. Image-based,#CC6677,0.9984148542966783
phantom,spikes,Spikes,medium,4,SSIM,Type-2 NUFFT vs. Image-based,#CC6677,0.9987407836915163
phantom,spikes,Spikes,medium,5,SSIM,Type-2 NUFFT vs. Image-based,#CC6677,0.9985078879766156
phantom,spikes,Spikes,medium,6,SSIM,Type-2 NUFFT vs. Image-based,#CC6677,0.9980488449138276
phantom,spikes,Spikes,medium,7,SSIM,Type-2 NUFFT vs. Image-based,#CC6677,0.9984258643575159
phantom,spikes,Spikes,medium,8,SSIM,Type-2 NUFFT vs. Image-based,#CC6677,0.9983027168373586
phantom,spikes,Spikes,medium,9,SSIM,Type-2 NUFFT vs. Image-based,#CC6677,0.9983397070592868
phantom,spikes,Spikes,medium,10,SSIM,Type-2 NUFFT vs. Image-based,#CC6677,0.9988741433937138
phantom,spikes,Spikes,medium,11,SSIM,Type-2 NUFFT vs. Image-based,#CC6677,0.9983783695663779
phantom,spikes,Spikes,medium,12,SSIM,Type-2 NUFFT vs. Image-based,#CC6677,0.9985638566721312
phantom,spikes,Spikes,medium,13,SSIM,Type-2 NUFFT vs. Image-based,#CC6677,0.9981275008359805
phantom,spikes,Spikes,medium,14,SSIM,Type-2 NUFFT vs. Image-based,#CC6677,0.9984776319459036
phantom,spikes,Spikes,medium,15,SSIM,Type-2 NUFFT vs. Image-based,#CC6677,0.9984662525137328
phantom,spikes,Spikes,medium,16,SSIM,Type-2 NUFFT vs. Image-based,#CC6677,0.9984819149635377
phantom,spikes,Spikes,medium,17,SSIM,Type-2 NUFFT vs. Image-based,#CC6677,0.9980672408487964
phantom,spikes,Spikes,medium,18,SSIM,Type-2 NUFFT vs. Image-based,#CC6677,0.9981148571906407
phantom,spikes,Spikes,medium,19,SSIM,Type-2 NUFFT vs. Image-based,#CC6677,0.9984237250785515
phantom,spikes,Spikes,medium,20,SSIM,Type-2 NUFFT vs. Image-based,#CC6677,0.9988737486272183
phantom,spikes,Spikes,medium,1,SSIM,Type-1 NUFFT vs. Image-based,#DDCC77,0.9474000689914398
phantom,spikes,Spikes,medium,2,SSIM,Type-1 NUFFT vs. Image-based,#DDCC77,0.8997992678221113
phantom,spikes,Spikes,medium,3,SSIM,Type-1 NUFFT vs. Image-based,#DDCC77,0.9444083105270643
phantom,spikes,Spikes,medium,4,SSIM,Type-1 NUFFT vs. Image-based,#DDCC77,0.9149702272083243
phantom,spikes,Spikes,medium,5,SSIM,Type-1 NUFFT vs. Image-based,#DDCC77,0.9521452398078062
phantom,spikes,Spikes,medium,6,SSIM,Type-1 NUFFT vs. Image-based,#DDCC77,0.9226507632600093
phantom,spikes,Spikes,medium,7,SSIM,Type-1 NUFFT vs. Image-based,#DDCC77,0.9150358571529708
phantom,spikes,Spikes,medium,8,SSIM,Type-1 NUFFT vs. Image-based,#DDCC77,0.982966294480685
phantom,spikes,Spikes,medium,9,SSIM,Type-1 NUFFT vs. Image-based,#DDCC77,0.9293994575821469
phantom,spikes,Spikes,medium,10,SSIM,Type-1 NUFFT vs. Image-based,#DDCC77,0.9173165247428549
phantom,spikes,Spikes,medium,11,SSIM,Type-1 NUFFT vs. Image-based,#DDCC77,0.9213268196778405
phantom,spikes,Spikes,medium,12,SSIM,Type-1 NUFFT vs. Image-based,#DDCC77,0.9122486332704568
phantom,spikes,Spikes,medium,13,SSIM,Type-1 NUFFT vs. Image-based,#DDCC77,0.9822965611357553
phantom,spikes,Spikes,medium,14,SSIM,Type-1 NUFFT vs. Image-based,#DDCC77,0.935299382362243
phantom,spikes,Spikes,medium,15,SSIM,Type-1 NUFFT vs. Image-based,#DDCC77,0.8984387128127188
phantom,spikes,Spikes,medium,16,SSIM,Type-1 NUFFT vs. Image-based,#DDCC77,0.907867911699435
phantom,spikes,Spikes,medium,17,SSIM,Type-1 NUFFT vs. Image-based,#DDCC77,0.9456401229178205
phantom,spikes,Spikes,medium,18,SSIM,Type-1 NUFFT vs. Image-based,#DDCC77,0.9365036460583233
phantom,spikes,Spikes,medium,19,SSIM,Type-1 NUFFT vs. Image-based,#DDCC77,0.9041184525115963
phantom,spikes,Spikes,medium,20,SSIM,Type-1 NUFFT vs. Image-based,#DDCC77,0.8934511515781325
phantom,spikes,Spikes,medium,1,SSIM,Type-1 NUFFT vs. Type-2 NUFFT,#807dba,0.9437644065106506
phantom,spikes,Spikes,medium,2,SSIM,Type-1 NUFFT vs. Type-2 NUFFT,#807dba,0.8971635401598211
phantom,spikes,Spikes,medium,3,SSIM,Type-1 NUFFT vs. Type-2 NUFFT,#807dba,0.9403992910602937
phantom,spikes,Spikes,medium,4,SSIM,Type-1 NUFFT vs. Type-2 NUFFT,#807dba,0.9112447285635875
phantom,spikes,Spikes,medium,5,SSIM,Type-1 NUFFT vs. Type-2 NUFFT,#807dba,0.949016627889302
phantom,spikes,Spikes,medium,6,SSIM,Type-1 NUFFT vs. Type-2 NUFFT,#807dba,0.9184647480341405
phantom,spikes,Spikes,medium,7,SSIM,Type-1 NUFFT vs. Type-2 NUFFT,#807dba,0.9116646345936213
phantom,spikes,Spikes,medium,8,SSIM,Type-1 NUFFT vs. Type-2 NUFFT,#807dba,0.9795417500911565
phantom,spikes,Spikes,medium,9,SSIM,Type-1 NUFFT vs. Type-2 NUFFT,#807dba,0.9260377194401826
phantom,spikes,Spikes,medium,10,SSIM,Type-1 NUFFT vs. Type-2 NUFFT,#807dba,0.9155005009563086
phantom,spikes,Spikes,medium,11,SSIM,Type-1 NUFFT vs. Type-2 NUFFT,#807dba,0.9179850396516998
phantom,spikes,Spikes,medium,12,SSIM,Type-1 NUFFT vs. Type-2 NUFFT,#807dba,0.9082958721377531
phantom,spikes,Spikes,medium,13,SSIM,Type-1 NUFFT vs. Type-2 NUFFT,#807dba,0.9784797265188635
phantom,spikes,Spikes,medium,14,SSIM,Type-1 NUFFT vs. Type-2 NUFFT,#807dba,0.9311624723267385
phantom,spikes,Spikes,medium,15,SSIM,Type-1 NUFFT vs. Type-2 NUFFT,#807dba,0.8953292455068765
phantom,spikes,Spikes,medium,16,SSIM,Type-1 NUFFT vs. Type-2 NUFFT,#807dba,0.9045255059626978
phantom,spikes,Spikes,medium,17,SSIM,Type-1 NUFFT vs. Type-2 NUFFT,#807dba,0.9417343785746951
phantom,spikes,Spikes,medium,18,SSIM,Type-1 NUFFT vs. Type-2 NUFFT,#807dba,0.9318922942556442
phantom,spikes,Spikes,medium,19,SSIM,Type-1 NUFFT vs. Type-2 NUFFT,#807dba,0.9013162277482579
phantom,spikes,Spikes,medium,20,SSIM,Type-1 NUFFT vs. Type-2 NUFFT,#807dba,0.8902542381225238
phantom,spikes,Spikes,medium,1,RMSD,Type-2 NUFFT vs. Image-based,#CC6677,0.0027471728243811467
phantom,spikes,Spikes,medium,2,RMSD,Type-2 NUFFT vs. Image-based,#CC6677,0.0029917281604166348
phantom,spikes,Spikes,medium,3,RMSD,Type-2 NUFFT vs. Image-based,#CC6677,0.002611845234102132
phantom,spikes,Spikes,medium,4,RMSD,Type-2 NUFFT vs. Image-based,#CC6677,0.0026165726220336405
phantom,spikes,Spikes,medium,5,RMSD,Type-2 NUFFT vs. Image-based,#CC6677,0.002460630370333571
phantom,spikes,Spikes,medium,6,RMSD,Type-2 NUFFT vs. Image-based,#CC6677,0.002992720300050704
phantom,spikes,Spikes,medium,7,RMSD,Type-2 NUFFT vs. Image-based,#CC6677,0.0028225508443185925
phantom,spikes,Spikes,medium,8,RMSD,Type-2 NUFFT vs. Image-based,#CC6677,0.002426770538719259
phantom,spikes,Spikes,medium,9,RMSD,Type-2 NUFFT vs. Image-based,#CC6677,0.0027288894790051077
phantom,spikes,Spikes,medium,10,RMSD,Type-2 NUFFT vs. Image-based,#CC6677,0.00272426545540676
phantom,spikes,Spikes,medium,11,RMSD,Type-2 NUFFT vs. Image-based,#CC6677,0.002781074806049047
phantom,spikes,Spikes,medium,12,RMSD,Type-2 NUFFT vs. Image-based,#CC6677,0.0026984356426734118
phantom,spikes,Spikes,medium,13,RMSD,Type-2 NUFFT vs. Image-based,#CC6677,0.002457911947214965
phantom,spikes,Spikes,medium,14,RMSD,Type-2 NUFFT vs. Image-based,#CC6677,0.00263828889195766
phantom,spikes,Spikes,medium,15,RMSD,Type-2 NUFFT vs. Image-based,#CC6677,0.0028538038540430783
phantom,spikes,Spikes,medium,16,RMSD,Type-2 NUFFT vs. Image-based,#CC6677,0.0028052121601283837
phantom,spikes,Spikes,medium,17,RMSD,Type-2 NUFFT vs. Image-based,#CC6677,0.0029122030353891104
phantom,spikes,Spikes,medium,18,RMSD,Type-2 NUFFT vs. Image-based,#CC6677,0.002931181656600401
phantom,spikes,Spikes,medium,19,RMSD,Type-2 NUFFT vs. Image-based,#CC6677,0.0029250023299489643
phantom,spikes,Spikes,medium,20,RMSD,Type-2 NUFFT vs. Image-based,#CC6677,0.00270470427348116
phantom,spikes,Spikes,medium,1,RMSD,Type-1 NUFFT vs. Image-based,#DDCC77,0.01700070297563591
phantom,spikes,Spikes,medium,2,RMSD,Type-1 NUFFT vs. Image-based,#DDCC77,0.03741652641325596
phantom,spikes,Spikes,medium,3,RMSD,Type-1 NUFFT vs. Image-based,#DDCC77,0.01742530703798006
phantom,spikes,Spikes,medium,4,RMSD,Type-1 NUFFT vs. Image-based,#DDCC77,0.02601160936814947
phantom,spikes,Spikes,medium,5,RMSD,Type-1 NUFFT vs. Image-based,#DDCC77,0.015724155498104783
phantom,spikes,Spikes,medium,6,RMSD,Type-1 NUFFT vs. Image-based,#DDCC77,0.0227958823212108
phantom,spikes,Spikes,medium,7,RMSD,Type-1 NUFFT vs. Image-based,#DDCC77,0.02397880047128334
phantom,spikes,Spikes,medium,8,RMSD,Type-1 NUFFT vs. Image-based,#DDCC77,0.00829497114776492
phantom,spikes,Spikes,medium,9,RMSD,Type-1 NUFFT vs. Image-based,#DDCC77,0.020890284366381472
phantom,spikes,Spikes,medium,10,RMSD,Type-1 NUFFT vs. Image-based,#DDCC77,0.0411650257751364
phantom,spikes,Spikes,medium,11,RMSD,Type-1 NUFFT vs. Image-based,#DDCC77,0.022532990325840385
phantom,spikes,Spikes,medium,12,RMSD,Type-1 NUFFT vs. Image-based,#DDCC77,0.02600113461161227
phantom,spikes,Spikes,medium,13,RMSD,Type-1 NUFFT vs. Image-based,#DDCC77,0.00848303911363559
phantom,spikes,Spikes,medium,14,RMSD,Type-1 NUFFT vs. Image-based,#DDCC77,0.01878502604919841
phantom,spikes,Spikes,medium,15,RMSD,Type-1 NUFFT vs. Image-based,#DDCC77,0.028435669017105182
phantom,spikes,Spikes,medium,16,RMSD,Type-1 NUFFT vs. Image-based,#DDCC77,0.029703269311748947
phantom,spikes,Spikes,medium,17,RMSD,Type-1 NUFFT vs. Image-based,#DDCC77,0.01722614968347698
phantom,spikes,Spikes,medium,18,RMSD,Type-1 NUFFT vs. Image-based,#DDCC77,0.01861554413648507
phantom,spikes,Spikes,medium,19,RMSD,Type-1 NUFFT vs. Image-based,#DDCC77,0.03769264633088297
phantom,spikes,Spikes,medium,20,RMSD,Type-1 NUFFT vs. Image-based,#DDCC77,0.033300256493403714
phantom,spikes,Spikes,medium,1,RMSD,Type-1 NUFFT vs. Type-2 NUFFT,#807dba,0.017758686381075462
phantom,spikes,Spikes,medium,2,RMSD,Type-1 NUFFT vs. Type-2 NUFFT,#807dba,0.03787343057874045
phantom,spikes,Spikes,medium,3,RMSD,Type-1 NUFFT vs. Type-2 NUFFT,#807dba,0.018184534013215153
phantom,spikes,Spikes,medium,4,RMSD,Type-1 NUFFT vs. Type-2 NUFFT,#807dba,0.026625611945983396
phantom,spikes,Spikes,medium,5,RMSD,Type-1 NUFFT vs. Type-2 NUFFT,#807dba,0.016379806920396856
phantom,spikes,Spikes,medium,6,RMSD,Type-1 NUFFT vs. Type-2 NUFFT,#807dba,0.02346850915545595
phantom,spikes,Spikes,medium,7,RMSD,Type-1 NUFFT vs. Type-2 NUFFT,#807dba,0.02457474873825395
phantom,spikes,Spikes,medium,8,RMSD,Type-1 NUFFT vs. Type-2 NUFFT,#807dba,0.009245922690561847
phantom,spikes,Spikes,medium,9,RMSD,Type-1 NUFFT vs. Type-2 NUFFT,#807dba,0.021544940829958607
phantom,spikes,Spikes,medium,10,RMSD,Type-1 NUFFT vs. Type-2 NUFFT,#807dba,0.041657387056295486
phantom,spikes,Spikes,medium,11,RMSD,Type-1 NUFFT vs. Type-2 NUFFT,#807dba,0.02317336335363349
phantom,spikes,Spikes,medium,12,RMSD,Type-1 NUFFT vs. Type-2 NUFFT,#807dba,0.02663347647426626
phantom,spikes,Spikes,medium,13,RMSD,Type-1 NUFFT vs. Type-2 NUFFT,#807dba,0.009469733644914543
phantom,spikes,Spikes,medium,14,RMSD,Type-1 NUFFT vs. Type-2 NUFFT,#807dba,0.019522205930313712
phantom,spikes,Spikes,medium,15,RMSD,Type-1 NUFFT vs. Type-2 NUFFT,#807dba,0.028932048532640815
phantom,spikes,Spikes,medium,16,RMSD,Type-1 NUFFT vs. Type-2 NUFFT,#807dba,0.03020690262614612
phantom,spikes,Spikes,medium,17,RMSD,Type-1 NUFFT vs. Type-2 NUFFT,#807dba,0.017992293126588895
phantom,spikes,Spikes,medium,18,RMSD,Type-1 NUFFT vs. Type-2 NUFFT,#807dba,0.01941984432452704
phantom,spikes,Spikes,medium,19,RMSD,Type-1 NUFFT vs. Type-2 NUFFT,#807dba,0.03817030372069597
phantom,spikes,Spikes,medium,20,RMSD,Type-1 NUFFT vs. Type-2 NUFFT,#807dba,0.03385115142412758
phantom,spikes,Spikes,high,1,SSIM,Type-2 NUFFT vs. Image-based,#CC6677,0.9982257281323547
phantom,spikes,Spikes,high,2,SSIM,Type-2 NUFFT vs. Image-based,#CC6677,0.9982477434296197
phantom,spikes,Spikes,high,3,SSIM,Type-2 NUFFT vs. Image-based,#CC6677,0.9984485552011091
phantom,spikes,Spikes,high,4,SSIM,Type-2 NUFFT vs. Image-based,#CC6677,0.9982474650788169
phantom,spikes,Spikes,high,5,SSIM,Type-2 NUFFT vs. Image-based,#CC6677,0.9977958235184602
phantom,spikes,Spikes,high,6,SSIM,Type-2 NUFFT vs. Image-based,#CC6677,0.9979358861041111
phantom,spikes,Spikes,high,7,SSIM,Type-2 NUFFT vs. Image-based,#CC6677,0.9983320221559763
phantom,spikes,Spikes,high,8,SSIM,Type-2 NUFFT vs. Image-based,#CC6677,0.9982033061754838
phantom,spikes,Spikes,high,9,SSIM,Type-2 NUFFT vs. Image-based,#CC6677,0.9982316644605445
phantom,spikes,Spikes,high,10,SSIM,Type-2 NUFFT vs. Image-based,#CC6677,0.9974957946795081
phantom,spikes,Spikes,high,11,SSIM,Type-2 NUFFT vs. Image-based,#CC6677,0.9980941918459123
phantom,spikes,Spikes,high,12,SSIM,Type-2 NUFFT vs. Image-based,#CC6677,0.9979087672100199
phantom,spikes,Spikes,high,13,SSIM,Type-2 NUFFT vs. Image-based,#CC6677,0.9983636108326595
phantom,spikes,Spikes,high,14,SSIM,Type-2 NUFFT vs. Image-based,#CC6677,0.9980026697353339
phantom,spikes,Spikes,high,15,SSIM,Type-2 NUFFT vs. Image-based,#CC6677,0.997694314535144
phantom,spikes,Spikes,high,16,SSIM,Type-2 NUFFT vs. Image-based,#CC6677,0.9980347995902412
phantom,spikes,Spikes,high,17,SSIM,Type-2 NUFFT vs. Image-based,#CC6677,0.9980140013363179
phantom,spikes,Spikes,high,18,SSIM,Type-2 NUFFT vs. Image-based,#CC6677,0.9980088023933078
phantom,spikes,Spikes,high,19,SSIM,Type-2 NUFFT vs. Image-based,#CC6677,0.9977732336100477
phantom,spikes,Spikes,high,20,SSIM,Type-2 NUFFT vs. Image-based,#CC6677,0.9974741077641721
phantom,spikes,Spikes,high,1,SSIM,Type-1 NUFFT vs. Image-based,#DDCC77,0.8541747157987071
phantom,spikes,Spikes,high,2,SSIM,Type-1 NUFFT vs. Image-based,#DDCC77,0.8407210609601657
phantom,spikes,Spikes,high,3,SSIM,Type-1 NUFFT vs. Image-based,#DDCC77,0.8372963127581817
phantom,spikes,Spikes,high,4,SSIM,Type-1 NUFFT vs. Image-based,#DDCC77,0.8555935664794139
phantom,spikes,Spikes,high,5,SSIM,Type-1 NUFFT vs. Image-based,#DDCC77,0.9253008389307013
phantom,spikes,Spikes,high,6,SSIM,Type-1 NUFFT vs. Image-based,#DDCC77,0.9013090936253737
phantom,spikes,Spikes,high,7,SSIM,Type-1 NUFFT vs. Image-based,#DDCC77,0.8466886402796918
phantom,spikes,Spikes,high,8,SSIM,Type-1 NUFFT vs. Image-based,#DDCC77,0.892674955884413
phantom,spikes,Spikes,high,9,SSIM,Type-1 NUFFT vs. Image-based,#DDCC77,0.902866550335061
phantom,spikes,Spikes,high,10,SSIM,Type-1 NUFFT vs. Image-based,#DDCC77,0.9695480471192477
phantom,spikes,Spikes,high,11,SSIM,Type-1 NUFFT vs. Image-based,#DDCC77,0.8602695905179336
phantom,spikes,Spikes,high,12,SSIM,Type-1 NUFFT vs. Image-based,#DDCC77,0.8745800192218733
phantom,spikes,Spikes,high,13,SSIM,Type-1 NUFFT vs. Image-based,#DDCC77,0.8603679037793805
phantom,spikes,Spikes,high,14,SSIM,Type-1 NUFFT vs. Image-based,#DDCC77,0.896561646962721
phantom,spikes,Spikes,high,15,SSIM,Type-1 NUFFT vs. Image-based,#DDCC77,0.9180109173581683
phantom,spikes,Spikes,high,16,SSIM,Type-1 NUFFT vs. Image-based,#DDCC77,0.8744640263186796
phantom,spikes,Spikes,high,17,SSIM,Type-1 NUFFT vs. Image-based,#DDCC77,0.8622421335644733
phantom,spikes,Spikes,high,18,SSIM,Type-1 NUFFT vs. Image-based,#DDCC77,0.8915006910834663
phantom,spikes,Spikes,high,19,SSIM,Type-1 NUFFT vs. Image-based,#DDCC77,0.9012165426510925
phantom,spikes,Spikes,high,20,SSIM,Type-1 NUFFT vs. Image-based,#DDCC77,0.9683330812222838
phantom,spikes,Spikes,high,1,SSIM,Type-1 NUFFT vs. Type-2 NUFFT,#807dba,0.8500029674264155
phantom,spikes,Spikes,high,2,SSIM,Type-1 NUFFT vs. Type-2 NUFFT,#807dba,0.8371878711392421
phantom,spikes,Spikes,high,3,SSIM,Type-1 NUFFT vs. Type-2 NUFFT,#807dba,0.8327674175140445
phantom,spikes,Spikes,high,4,SSIM,Type-1 NUFFT vs. Type-2 NUFFT,#807dba,0.8515877957977905
phantom,spikes,Spikes,high,5,SSIM,Type-1 NUFFT vs. Type-2 NUFFT,#807dba,0.9199249808203215
phantom,spikes,Spikes,high,6,SSIM,Type-1 NUFFT vs. Type-2 NUFFT,#807dba,0.8972372496401696
phantom,spikes,Spikes,high,7,SSIM,Type-1 NUFFT vs. Type-2 NUFFT,#807dba,0.8420896064351809
phantom,spikes,Spikes,high,8,SSIM,Type-1 NUFFT vs. Type-2 NUFFT,#807dba,0.8887883199086374
phantom,spikes,Spikes,high,9,SSIM,Type-1 NUFFT vs. Type-2 NUFFT,#807dba,0.8989727848389398
phantom,spikes,Spikes,high,10,SSIM,Type-1 NUFFT vs. Type-2 NUFFT,#807dba,0.9648562704548014
phantom,spikes,Spikes,high,11,SSIM,Type-1 NUFFT vs. Type-2 NUFFT,#807dba,0.8556163152866513
phantom,spikes,Spikes,high,12,SSIM,Type-1 NUFFT vs. Type-2 NUFFT,#807dba,0.8703109683554392
phantom,spikes,Spikes,high,13,SSIM,Type-1 NUFFT vs. Type-2 NUFFT,#807dba,0.8564450125045812
phantom,spikes,Spikes,high,14,SSIM,Type-1 NUFFT vs. Type-2 NUFFT,#807dba,0.8922986946017436
phantom,spikes,Spikes,high,15,SSIM,Type-1 NUFFT vs. Type-2 NUFFT,#807dba,0.9133262750005554
phantom,spikes,Spikes,high,16,SSIM,Type-1 NUFFT vs. Type-2 NUFFT,#807dba,0.8706775123152467
phantom,spikes,Spikes,high,17,SSIM,Type-1 NUFFT vs. Type-2 NUFFT,#807dba,0.8578014773326311
phantom,spikes,Spikes,high,18,SSIM,Type-1 NUFFT vs. Type-2 NUFFT,#807dba,0.8880868254475299
phantom,spikes,Spikes,high,19,SSIM,Type-1 NUFFT vs. Type-2 NUFFT,#807dba,0.8965238911761487
phantom,spikes,Spikes,high,20,SSIM,Type-1 NUFFT vs. Type-2 NUFFT,#807dba,0.9637914105306369
phantom,spikes,Spikes,high,1,RMSD,Type-2 NUFFT vs. Image-based,#CC6677,0.0033061506493081818
phantom,spikes,Spikes,high,2,RMSD,Type-2 NUFFT vs. Image-based,#CC6677,0.003308911680850595
phantom,spikes,Spikes,high,3,RMSD,Type-2 NUFFT vs. Image-based,#CC6677,0.003301826844948213
phantom,spikes,Spikes,high,4,RMSD,Type-2 NUFFT vs. Image-based,#CC6677,0.0033434607936048298
phantom,spikes,Spikes,high,5,RMSD,Type-2 NUFFT vs. Image-based,#CC6677,0.0030700751962531034
phantom,spikes,Spikes,high,6,RMSD,Type-2 NUFFT vs. Image-based,#CC6677,0.0033270665289928934
phantom,spikes,Spikes,high,7,RMSD,Type-2 NUFFT vs. Image-based,#CC6677,0.0034159948737916912
phantom,spikes,Spikes,high,8,RMSD,Type-2 NUFFT vs. Image-based,#CC6677,0.0030464806981617635
phantom,spikes,Spikes,high,9,RMSD,Type-2 NUFFT vs. Image-based,#CC6677,0.003087586343906279
phantom,spikes,Spikes,high,10,RMSD,Type-2 NUFFT vs. Image-based,#CC6677,0.003099416555824258
phantom,spikes,Spikes,high,11,RMSD,Type-2 NUFFT vs. Image-based,#CC6677,0.0034327773083788634
phantom,spikes,Spikes,high,12,RMSD,Type-2 NUFFT vs. Image-based,#CC6677,0.003315852352719012
phantom,spikes,Spikes,high,13,RMSD,Type-2 NUFFT vs. Image-based,#CC6677,0.0031429895275256036
phantom,spikes,Spikes,high,14,RMSD,Type-2 NUFFT vs. Image-based,#CC6677,0.0032810356942361376
phantom,spikes,Spikes,high,15,RMSD,Type-2 NUFFT vs. Image-based,#CC6677,0.0033018410608502183
phantom,spikes,Spikes,high,16,RMSD,Type-2 NUFFT vs. Image-based,#CC6677,0.0034306621705323666
phantom,spikes,Spikes,high,17,RMSD,Type-2 NUFFT vs. Image-based,#CC6677,0.0034911483317859697
phantom,spikes,Spikes,high,18,RMSD,Type-2 NUFFT vs. Image-based,#CC6677,0.0032522927516252984
phantom,spikes,Spikes,high,19,RMSD,Type-2 NUFFT vs. Image-based,#CC6677,0.0033336268469332008
phantom,spikes,Spikes,high,20,RMSD,Type-2 NUFFT vs. Image-based,#CC6677,0.0030799267260826634
phantom,spikes,Spikes,high,1,RMSD,Type-1 NUFFT vs. Image-based,#DDCC77,0.038945853234579685
phantom,spikes,Spikes,high,2,RMSD,Type-1 NUFFT vs. Image-based,#DDCC77,0.049741284246656144
phantom,spikes,Spikes,high,3,RMSD,Type-1 NUFFT vs. Image-based,#DDCC77,0.04908479029464365
phantom,spikes,Spikes,high,4,RMSD,Type-1 NUFFT vs. Image-based,#DDCC77,0.03912535368023232
phantom,spikes,Spikes,high,5,RMSD,Type-1 NUFFT vs. Image-based,#DDCC77,0.020530952921097117
phantom,spikes,Spikes,high,6,RMSD,Type-1 NUFFT vs. Image-based,#DDCC77,0.02860784693561235
phantom,spikes,Spikes,high,7,RMSD,Type-1 NUFFT vs. Image-based,#DDCC77,0.04448345791111833
phantom,spikes,Spikes,high,8,RMSD,Type-1 NUFFT vs. Image-based,#DDCC77,0.032253367742729216
phantom,spikes,Spikes,high,9,RMSD,Type-1 NUFFT vs. Image-based,#DDCC77,0.028767377132942976
phantom,spikes,Spikes,high,10,RMSD,Type-1 NUFFT vs. Image-based,#DDCC77,0.011471433554245698
phantom,spikes,Spikes,high,11,RMSD,Type-1 NUFFT vs. Image-based,#DDCC77,0.03783965330523441
phantom,spikes,Spikes,high,12,RMSD,Type-1 NUFFT vs. Image-based,#DDCC77,0.032088502271444774
phantom,spikes,Spikes,high,13,RMSD,Type-1 NUFFT vs. Image-based,#DDCC77,0.03703287932049871
phantom,spikes,Spikes,high,14,RMSD,Type-1 NUFFT vs. Image-based,#DDCC77,0.028773735930293066
phantom,spikes,Spikes,high,15,RMSD,Type-1 NUFFT vs. Image-based,#DDCC77,0.023649109694340236
phantom,spikes,Spikes,high,16,RMSD,Type-1 NUFFT vs. Image-based,#DDCC77,0.039975473176540245
phantom,spikes,Spikes,high,17,RMSD,Type-1 NUFFT vs. Image-based,#DDCC77,0.054463159981342976
phantom,spikes,Spikes,high,18,RMSD,Type-1 NUFFT vs. Image-based,#DDCC77,0.03218049763398086
phantom,spikes,Spikes,high,19,RMSD,Type-1 NUFFT vs. Image-based,#DDCC77,0.02736870809226091
phantom,spikes,Spikes,high,20,RMSD,Type-1 NUFFT vs. Image-based,#DDCC77,0.011666009008375337
phantom,spikes,Spikes,high,1,RMSD,Type-1 NUFFT vs. Type-2 NUFFT,#807dba,0.03961381539926182
phantom,spikes,Spikes,high,2,RMSD,Type-1 NUFFT vs. Type-2 NUFFT,#807dba,0.050131340685533585
phantom,spikes,Spikes,high,3,RMSD,Type-1 NUFFT vs. Type-2 NUFFT,#807dba,0.049732184517990496
phantom,spikes,Spikes,high,4,RMSD,Type-1 NUFFT vs. Type-2 NUFFT,#807dba,0.03965902288730217
phantom,spikes,Spikes,high,5,RMSD,Type-1 NUFFT vs. Type-2 NUFFT,#807dba,0.021440934280164966
phantom,spikes,Spikes,high,6,RMSD,Type-1 NUFFT vs. Type-2 NUFFT,#807dba,0.029291097488775262
phantom,spikes,Spikes,high,7,RMSD,Type-1 NUFFT vs. Type-2 NUFFT,#807dba,0.04516092911184618
phantom,spikes,Spikes,high,8,RMSD,Type-1 NUFFT vs. Type-2 NUFFT,#807dba,0.03283141044450277
phantom,spikes,Spikes,high,9,RMSD,Type-1 NUFFT vs. Type-2 NUFFT,#807dba,0.02943568530767946
phantom,spikes,Spikes,high,10,RMSD,Type-1 NUFFT vs. Type-2 NUFFT,#807dba,0.012619088458461282
phantom,spikes,Spikes,high,11,RMSD,Type-1 NUFFT vs. Type-2 NUFFT,#807dba,0.03853272776617642
phantom,spikes,Spikes,high,12,RMSD,Type-1 NUFFT vs. Type-2 NUFFT,#807dba,0.032857435595268734
phantom,spikes,Spikes,high,13,RMSD,Type-1 NUFFT vs. Type-2 NUFFT,#807dba,0.03757044931643439
phantom,spikes,Spikes,high,14,RMSD,Type-1 NUFFT vs. Type-2 NUFFT,#807dba,0.02947261719908072
phantom,spikes,Spikes,high,15,RMSD,Type-1 NUFFT vs. Type-2 NUFFT,#807dba,0.024457670114516685
phantom,spikes,Spikes,high,16,RMSD,Type-1 NUFFT vs. Type-2 NUFFT,#807dba,0.040473472445209324
phantom,spikes,Spikes,high,17,RMSD,Type-1 NUFFT vs. Type-2 NUFFT,#807dba,0.0550125667104478
phantom,spikes,Spikes,high,18,RMSD,Type-1 NUFFT vs. Type-2 NUFFT,#807dba,0.032690749122349205
phantom,spikes,Spikes,high,19,RMSD,Type-1 NUFFT vs. Type-2 NUFFT,#807dba,0.028134398515315955
phantom,spikes,Spikes,high,20,RMSD,Type-1 NUFFT vs. Type-2 NUFFT,#807dba,0.012805647573993705
phantom,stepwise,Step-wise,low,1,SSIM,Type-2 NUFFT vs. Image-based,#CC6677,0.9776153789812527
phantom,stepwise,Step-wise,low,2,SSIM,Type-2 NUFFT vs. Image-based,#CC6677,0.9826141448997999
phantom,stepwise,Step-wise,low,3,SSIM,Type-2 NUFFT vs. Image-based,#CC6677,0.9829844760635723
phantom,stepwise,Step-wise,low,4,SSIM,Type-2 NUFFT vs. Image-based,#CC6677,0.9831506465950802
phantom,stepwise,Step-wise,low,5,SSIM,Type-2 NUFFT vs. Image-based,#CC6677,0.979891309809119
phantom,stepwise,Step-wise,low,6,SSIM,Type-2 NUFFT vs. Image-based,#CC6677,0.9809560831030664
phantom,stepwise,Step-wise,low,7,SSIM,Type-2 NUFFT vs. Image-based,#CC6677,0.9834405556809159
phantom,stepwise,Step-wise,low,8,SSIM,Type-2 NUFFT vs. Image-based,#CC6677,0.9836063785255991
phantom,stepwise,Step-wise,low,9,SSIM,Type-2 NUFFT vs. Image-based,#CC6677,0.9834089183606546
phantom,stepwise,Step-wise,low,10,SSIM,Type-2 NUFFT vs. Image-based,#CC6677,0.9838893855634419
phantom,stepwise,Step-wise,low,11,SSIM,Type-2 NUFFT vs. Image-based,#CC6677,0.983623555108863
phantom,stepwise,Step-wise,low,12,SSIM,Type-2 NUFFT vs. Image-based,#CC6677,0.9776482267658948
phantom,stepwise,Step-wise,low,13,SSIM,Type-2 NUFFT vs. Image-based,#CC6677,0.9835346939643724
phantom,stepwise,Step-wise,low,14,SSIM,Type-2 NUFFT vs. Image-based,#CC6677,0.9820905052569779
phantom,stepwise,Step-wise,low,15,SSIM,Type-2 NUFFT vs. Image-based,#CC6677,0.9872683056739827
phantom,stepwise,Step-wise,low,16,SSIM,Type-2 NUFFT vs. Image-based,#CC6677,0.9847135388822283
phantom,stepwise,Step-wise,low,17,SSIM,Type-2 NUFFT vs. Image-based,#CC6677,0.9829302163225805
phantom,stepwise,Step-wise,low,18,SSIM,Type-2 NUFFT vs. Image-based,#CC6677,0.9830579580922383
phantom,stepwise,Step-wise,low,19,SSIM,Type-2 NUFFT vs. Image-based,#CC6677,0.9828293566334629
phantom,stepwise,Step-wise,low,20,SSIM,Type-2 NUFFT vs. Image-based,#CC6677,0.9785063656965233
phantom,stepwise,Step-wise,low,1,SSIM,Type-1 NUFFT vs. Image-based,#DDCC77,0.973196608978159
phantom,stepwise,Step-wise,low,2,SSIM,Type-1 NUFFT vs. Image-based,#DDCC77,0.958270509850747
phantom,stepwise,Step-wise,low,3,SSIM,Type-1 NUFFT vs. Image-based,#DDCC77,0.9438347440960423
phantom,stepwise,Step-wise,low,4,SSIM,Type-1 NUFFT vs. Image-based,#DDCC77,0.9635256619565388
phantom,stepwise,Step-wise,low,5,SSIM,Type-1 NUFFT vs. Image-based,#DDCC77,0.9686247732070516
phantom,stepwise,Step-wise,low,6,SSIM,Type-1 NUFFT vs. Image-based,#DDCC77,0.9770756909805084
phantom,stepwise,Step-wise,low,7,SSIM,Type-1 NUFFT vs. Image-based,#DDCC77,0.976623502485595
phantom,stepwise,Step-wise,low,8,SSIM,Type-1 NUFFT vs. Image-based,#DDCC77,0.9742729812928446
phantom,stepwise,Step-wise,low,9,SSIM,Type-1 NUFFT vs. Image-based,#DDCC77,0.9779967215812461
phantom,stepwise,Step-wise,low,10,SSIM,Type-1 NUFFT vs. Image-based,#DDCC77,0.9674798360970868
phantom,stepwise,Step-wise,low,11,SSIM,Type-1 NUFFT vs. Image-based,#DDCC77,0.9749352839669271
phantom,stepwise,Step-wise,low,12,SSIM,Type-1 NUFFT vs. Image-based,#DDCC77,0.9626229802006782
phantom,stepwise,Step-wise,low,13,SSIM,Type-1 NUFFT vs. Image-based,#DDCC77,0.9487705131909953
phantom,stepwise,Step-wise,low,14,SSIM,Type-1 NUFFT vs. Image-based,#DDCC77,0.9755473585382203
phantom,stepwise,Step-wise,low,15,SSIM,Type-1 NUFFT vs. Image-based,#DDCC77,0.9636296235760438
phantom,stepwise,Step-wise,low,16,SSIM,Type-1 NUFFT vs. Image-based,#DDCC77,0.9731652262387053
phantom,stepwise,Step-wise,low,17,SSIM,Type-1 NUFFT vs. Image-based,#DDCC77,0.9593664028494363
phantom,stepwise,Step-wise,low,18,SSIM,Type-1 NUFFT vs. Image-based,#DDCC77,0.9729884267717092
phantom,stepwise,Step-wise,low,19,SSIM,Type-1 NUFFT vs. Image-based,#DDCC77,0.9657040649669731
phantom,stepwise,Step-wise,low,20,SSIM,Type-1 NUFFT vs. Image-based,#DDCC77,0.970145314978507
phantom,stepwise,Step-wise,low,1,SSIM,Type-1 NUFFT vs. Type-2 NUFFT,#807dba,0.9928422131652226
phantom,stepwise,Step-wise,low,2,SSIM,Type-1 NUFFT vs. Type-2 NUFFT,#807dba,0.9761689071532573
phantom,stepwise,Step-wise,low,3,SSIM,Type-1 NUFFT vs. Type-2 NUFFT,#807dba,0.9600016340394963
phantom,stepwise,Step-wise,low,4,SSIM,Type-1 NUFFT vs. Type-2 NUFFT,#807dba,0.980857159575421
phantom,stepwise,Step-wise,low,5,SSIM,Type-1 NUFFT vs. Type-2 NUFFT,#807dba,0.9857610243053107
phantom,stepwise,Step-wise,low,6,SSIM,Type-1 NUFFT vs. Type-2 NUFFT,#807dba,0.9941828619378853
phantom,stepwise,Step-wise,low,7,SSIM,Type-1 NUFFT vs. Type-2 NUFFT,#807dba,0.9928125038866
phantom,stepwise,Step-wise,low,8,SSIM,Type-1 NUFFT vs. Type-2 NUFFT,#807dba,0.9893636348003277
phantom,stepwise,Step-wise,low,9,SSIM,Type-1 NUFFT vs. Type-2 NUFFT,#807dba,0.9919481707979458
phantom,stepwise,Step-wise,low,10,SSIM,Type-1 NUFFT vs. Type-2 NUFFT,#807dba,0.9816835546359688
phantom,stepwise,Step-wise,low,11,SSIM,Type-1 NUFFT vs. Type-2 NUFFT,#807dba,0.9907803296494456
phantom,stepwise,Step-wise,low,12,SSIM,Type-1 NUFFT vs. Type-2 NUFFT,#807dba,0.9836112985364052
phantom,stepwise,Step-wise,low,13,SSIM,Type-1 NUFFT vs. Type-2 NUFFT,#807dba,0.9665589643398439
phantom,stepwise,Step-wise,low,14,SSIM,Type-1 NUFFT vs. Type-2 NUFFT,#807dba,0.9887584961977116
phantom,stepwise,Step-wise,low,15,SSIM,Type-1 NUFFT vs. Type-2 NUFFT,#807dba,0.97657341200283
phantom,stepwise,Step-wise,low,16,SSIM,Type-1 NUFFT vs. Type-2 NUFFT,#807dba,0.9866221850164779
phantom,stepwise,Step-wise,low,17,SSIM,Type-1 NUFFT vs. Type-2 NUFFT,#807dba,0.9758515992620651
phantom,stepwise,Step-wise,low,18,SSIM,Type-1 NUFFT vs. Type-2 NUFFT,#807dba,0.9856391882480652
phantom,stepwise,Step-wise,low,19,SSIM,Type-1 NUFFT vs. Type-2 NUFFT,#807dba,0.9811146792921643
phantom,stepwise,Step-wise,low,20,SSIM,Type-1 NUFFT vs. Type-2 NUFFT,#807dba,0.9869530915916014
phantom,stepwise,Step-wise,low,1,RMSD,Type-2 NUFFT vs. Image-based,#CC6677,0.029334181805325814
phantom,stepwise,Step-wise,low,2,RMSD,Type-2 NUFFT vs. Image-based,#CC6677,0.025580399184374717
phantom,stepwise,Step-wise,low,3,RMSD,Type-2 NUFFT vs. Image-based,#CC6677,0.02595088116227534
phantom,stepwise,Step-wise,low,4,RMSD,Type-2 NUFFT vs. Image-based,#CC6677,0.026964484721275002
phantom,stepwise,Step-wise,low,5,RMSD,Type-2 NUFFT vs. Image-based,#CC6677,0.028527661125035686
phantom,stepwise,Step-wise,low,6,RMSD,Type-2 NUFFT vs. Image-based,#CC6677,0.02653856327750164
phantom,stepwise,Step-wise,low,7,RMSD,Type-2 NUFFT vs. Image-based,#CC6677,0.025528592149088546
phantom,stepwise,Step-wise,low,8,RMSD,Type-2 NUFFT vs. Image-based,#CC6677,0.024852764268091593
phantom,stepwise,Step-wise,low,9,RMSD,Type-2 NUFFT vs. Image-based,#CC6677,0.024530465670257188
phantom,stepwise,Step-wise,low,10,RMSD,Type-2 NUFFT vs. Image-based,#CC6677,0.026409346657452145
phantom,stepwise,Step-wise,low,11,RMSD,Type-2 NUFFT vs. Image-based,#CC6677,0.02570326911456118
phantom,stepwise,Step-wise,low,12,RMSD,Type-2 NUFFT vs. Image-based,#CC6677,0.02702889730462133
phantom,stepwise,Step-wise,low,13,RMSD,Type-2 NUFFT vs. Image-based,#CC6677,0.026723619400384927
phantom,stepwise,Step-wise,low,14,RMSD,Type-2 NUFFT vs. Image-based,#CC6677,0.026346462479256604
phantom,stepwise,Step-wise,low,15,RMSD,Type-2 NUFFT vs. Image-based,#CC6677,0.023402389628538835
phantom,stepwise,Step-wise,low,16,RMSD,Type-2 NUFFT vs. Image-based,#CC6677,0.025129226117224027
phantom,stepwise,Step-wise,low,17,RMSD,Type-2 NUFFT vs. Image-based,#CC6677,0.025131217717169856
phantom,stepwise,Step-wise,low,18,RMSD,Type-2 NUFFT vs. Image-based,#CC6677,0.024383755541702575
phantom,stepwise,Step-wise,low,19,RMSD,Type-2 NUFFT vs. Image-based,#CC6677,0.027561507174467755
phantom,stepwise,Step-wise,low,20,RMSD,Type-2 NUFFT vs. Image-based,#CC6677,0.026441980664094037
phantom,stepwise,Step-wise,low,1,RMSD,Type-1 NUFFT vs. Image-based,#DDCC77,0.029526278650536177
phantom,stepwise,Step-wise,low,2,RMSD,Type-1 NUFFT vs. Image-based,#DDCC77,0.026964477649042404
phantom,stepwise,Step-wise,low,3,RMSD,Type-1 NUFFT vs. Image-based,#DDCC77,0.02809595794953687
phantom,stepwise,Step-wise,low,4,RMSD,Type-1 NUFFT vs. Image-based,#DDCC77,0.027957200270542434
phantom,stepwise,Step-wise,low,5,RMSD,Type-1 NUFFT vs. Image-based,#DDCC77,0.029002157837838136
phantom,stepwise,Step-wise,low,6,RMSD,Type-1 NUFFT vs. Image-based,#DDCC77,0.02682162838505756
phantom,stepwise,Step-wise,low,7,RMSD,Type-1 NUFFT vs. Image-based,#DDCC77,0.025818376273310475
phantom,stepwise,Step-wise,low,8,RMSD,Type-1 NUFFT vs. Image-based,#DDCC77,0.025400698654179998
phantom,stepwise,Step-wise,low,9,RMSD,Type-1 NUFFT vs. Image-based,#DDCC77,0.025005648944870028
phantom,stepwise,Step-wise,low,10,RMSD,Type-1 NUFFT vs. Image-based,#DDCC77,0.027032969265858815
phantom,stepwise,Step-wise,low,11,RMSD,Type-1 NUFFT vs. Image-based,#DDCC77,0.026120914106200994
phantom,stepwise,Step-wise,low,12,RMSD,Type-1 NUFFT vs. Image-based,#DDCC77,0.027916339255193753
phantom,stepwise,Step-wise,low,13,RMSD,Type-1 NUFFT vs. Image-based,#DDCC77,0.028322555155666694
phantom,stepwise,Step-wise,low,14,RMSD,Type-1 NUFFT vs. Image-based,#DDCC77,0.026658423188346887
phantom,stepwise,Step-wise,low,15,RMSD,Type-1 NUFFT vs. Image-based,#DDCC77,0.024763395534443546
phantom,stepwise,Step-wise,low,16,RMSD,Type-1 NUFFT vs. Image-based,#DDCC77,0.025586335035483125
phantom,stepwise,Step-wise,low,17,RMSD,Type-1 NUFFT vs. Image-based,#DDCC77,0.02660209861606676
phantom,stepwise,Step-wise,low,18,RMSD,Type-1 NUFFT vs. Image-based,#DDCC77,0.024953899481783087
phantom,stepwise,Step-wise,low,19,RMSD,Type-1 NUFFT vs. Image-based,#DDCC77,0.028378897044342717
phantom,stepwise,Step-wise,low,20,RMSD,Type-1 NUFFT vs. Image-based,#DDCC77,0.026988103440334834
phantom,stepwise,Step-wise,low,1,RMSD,Type-1 NUFFT vs. Type-2 NUFFT,#807dba,0.005636666523825578
phantom,stepwise,Step-wise,low,2,RMSD,Type-1 NUFFT vs. Type-2 NUFFT,#807dba,0.009341890295308054
phantom,stepwise,Step-wise,low,3,RMSD,Type-1 NUFFT vs. Type-2 NUFFT,#807dba,0.012108381802034095
phantom,stepwise,Step-wise,low,4,RMSD,Type-1 NUFFT vs. Type-2 NUFFT,#807dba,0.007838988033534562
phantom,stepwise,Step-wise,low,5,RMSD,Type-1 NUFFT vs. Type-2 NUFFT,#807dba,0.006633806313545408
phantom,stepwise,Step-wise,low,6,RMSD,Type-1 NUFFT vs. Type-2 NUFFT,#807dba,0.005171872115697376
phantom,stepwise,Step-wise,low,7,RMSD,Type-1 NUFFT vs. Type-2 NUFFT,#807dba,0.005098938458759089
phantom,stepwise,Step-wise,low,8,RMSD,Type-1 NUFFT vs. Type-2 NUFFT,#807dba,0.006104178873157202
phantom,stepwise,Step-wise,low,9,RMSD,Type-1 NUFFT vs. Type-2 NUFFT,#807dba,0.005959808173298203
phantom,stepwise,Step-wise,low,10,RMSD,Type-1 NUFFT vs. Type-2 NUFFT,#807dba,0.0071706553188307705
phantom,stepwise,Step-wise,low,11,RMSD,Type-1 NUFFT vs. Type-2 NUFFT,#807dba,0.0060306384135359195
phantom,stepwise,Step-wise,low,12,RMSD,Type-1 NUFFT vs. Type-2 NUFFT,#807dba,0.008524918256852677
phantom,stepwise,Step-wise,low,13,RMSD,Type-1 NUFFT vs. Type-2 NUFFT,#807dba,0.009909473658507887
phantom,stepwise,Step-wise,low,14,RMSD,Type-1 NUFFT vs. Type-2 NUFFT,#807dba,0.006423654610692837
phantom,stepwise,Step-wise,low,15,RMSD,Type-1 NUFFT vs. Type-2 NUFFT,#807dba,0.008702943594372013
phantom,stepwise,Step-wise,low,16,RMSD,Type-1 NUFFT vs. Type-2 NUFFT,#807dba,0.006354893653612012
phantom,stepwise,Step-wise,low,17,RMSD,Type-1 NUFFT vs. Type-2 NUFFT,#807dba,0.009552065063113803
phantom,stepwise,Step-wise,low,18,RMSD,Type-1 NUFFT vs. Type-2 NUFFT,#807dba,0.007227964330470896
phantom,stepwise,Step-wise,low,19,RMSD,Type-1 NUFFT vs. Type-2 NUFFT,#807dba,0.007846747476414524
phantom,stepwise,Step-wise,low,20,RMSD,Type-1 NUFFT vs. Type-2 NUFFT,#807dba,0.007759462899896496
phantom,stepwise,Step-wise,medium,1,SSIM,Type-2 NUFFT vs. Image-based,#CC6677,0.9822513955901349
phantom,stepwise,Step-wise,medium,2,SSIM,Type-2 NUFFT vs. Image-based,#CC6677,0.9703851790132725
phantom,stepwise,Step-wise,medium,3,SSIM,Type-2 NUFFT vs. Image-based,#CC6677,0.9786180871565989
phantom,stepwise,Step-wise,medium,4,SSIM,Type-2 NUFFT vs. Image-based,#CC6677,0.9783093178535165
phantom,stepwise,Step-wise,medium,5,SSIM,Type-2 NUFFT vs. Image-based,#CC6677,0.9789865142813576
phantom,stepwise,Step-wise,medium,6,SSIM,Type-2 NUFFT vs. Image-based,#CC6677,0.9783696588675962
phantom,stepwise,Step-wise,medium,7,SSIM,Type-2 NUFFT vs. Image-based,#CC6677,0.9746916065447346
phantom,stepwise,Step-wise,medium,8,SSIM,Type-2 NUFFT vs. Image-based,#CC6677,0.9770304972633104
phantom,stepwise,Step-wise,medium,9,SSIM,Type-2 NUFFT vs. Image-based,#CC6677,0.9803128866356885
phantom,stepwise,Step-wise,medium,10,SSIM,Type-2 NUFFT vs. Image-based,#CC6677,0.9772015088571252
phantom,stepwise,Step-wise,medium,11,SSIM,Type-2 NUFFT vs. Image-based,#CC6677,0.9798752534789502
phantom,stepwise,Step-wise,medium,12,SSIM,Type-2 NUFFT vs. Image-based,#CC6677,0.9791600379416379
phantom,stepwise,Step-wise,medium,13,SSIM,Type-2 NUFFT vs. Image-based,#CC6677,0.9781528625371684
phantom,stepwise,Step-wise,medium,14,SSIM,Type-2 NUFFT vs. Image-based,#CC6677,0.9782833117731351
phantom,stepwise,Step-wise,medium,15,SSIM,Type-2 NUFFT vs. Image-based,#CC6677,0.9764270355453373
phantom,stepwise,Step-wise,medium,16,SSIM,Type-2 NUFFT vs. Image-based,#CC6677,0.9816155697738312
phantom,stepwise,Step-wise,medium,17,SSIM,Type-2 NUFFT vs. Image-based,#CC6677,0.9765942860697178
phantom,stepwise,Step-wise,medium,18,SSIM,Type-2 NUFFT vs. Image-based,#CC6677,0.9742639852647703
phantom,stepwise,Step-wise,medium,19,SSIM,Type-2 NUFFT vs. Image-based,#CC6677,0.9843553756761166
phantom,stepwise,Step-wise,medium,20,SSIM,Type-2 NUFFT vs. Image-based,#CC6677,0.9802337872927114
phantom,stepwise,Step-wise,medium,1,SSIM,Type-1 NUFFT vs. Image-based,#DDCC77,0.9474204971509395
phantom,stepwise,Step-wise,medium,2,SSIM,Type-1 NUFFT vs. Image-based,#DDCC77,0.9229645488092976
phantom,stepwise,Step-wise,medium,3,SSIM,Type-1 NUFFT vs. Image-based,#DDCC77,0.9027374130989874
phantom,stepwise,Step-wise,medium,4,SSIM,Type-1 NUFFT vs. Image-based,#DDCC77,0.9384212077874949
phantom,stepwise,Step-wise,medium,5,SSIM,Type-1 NUFFT vs. Image-based,#DDCC77,0.9461993110142022
phantom,stepwise,Step-wise,medium,6,SSIM,Type-1 NUFFT vs. Image-based,#DDCC77,0.9595236606343863
phantom,stepwise,Step-wise,medium,7,SSIM,Type-1 NUFFT vs. Image-based,#DDCC77,0.9294685242427065
phantom,stepwise,Step-wise,medium,8,SSIM,Type-1 NUFFT vs. Image-based,#DDCC77,0.9493731093178088
phantom,stepwise,Step-wise,medium,9,SSIM,Type-1 NUFFT vs. Image-based,#DDCC77,0.9475847006955709
phantom,stepwise,Step-wise,medium,10,SSIM,Type-1 NUFFT vs. Image-based,#DDCC77,0.9239981173711741
phantom,stepwise,Step-wise,medium,11,SSIM,Type-1 NUFFT vs. Image-based,#DDCC77,0.9458947908220185
phantom,stepwise,Step-wise,medium,12,SSIM,Type-1 NUFFT vs. Image-based,#DDCC77,0.9188058728802642
phantom,stepwise,Step-wise,medium,13,SSIM,Type-1 NUFFT vs. Image-based,#DDCC77,0.9410545066990236
phantom,stepwise,Step-wise,medium,14,SSIM,Type-1 NUFFT vs. Image-based,#DDCC77,0.9509047341378531
phantom,stepwise,Step-wise,medium,15,SSIM,Type-1 NUFFT vs. Image-based,#DDCC77,0.9604498858083013
phantom,stepwise,Step-wise,medium,16,SSIM,Type-1 NUFFT vs. Image-based,#DDCC77,0.9005765148685969
phantom,stepwise,Step-wise,medium,17,SSIM,Type-1 NUFFT vs. Image-based,#DDCC77,0.9267087862477238
phantom,stepwise,Step-wise,medium,18,SSIM,Type-1 NUFFT vs. Image-based,#DDCC77,0.9409817218597011
phantom,stepwise,Step-wise,medium,19,SSIM,Type-1 NUFFT vs. Image-based,#DDCC77,0.9353010043976056
phantom,stepwise,Step-wise,medium,20,SSIM,Type-1 NUFFT vs. Image-based,#DDCC77,0.9327880909987543
phantom,stepwise,Step-wise,medium,1,SSIM,Type-1 NUFFT vs. Type-2 NUFFT,#807dba,0.9555210386650219
phantom,stepwise,Step-wise,medium,2,SSIM,Type-1 NUFFT vs. Type-2 NUFFT,#807dba,0.9346650407396643
phantom,stepwise,Step-wise,medium,3,SSIM,Type-1 NUFFT vs. Type-2 NUFFT,#807dba,0.9118844069764268
phantom,stepwise,Step-wise,medium,4,SSIM,Type-1 NUFFT vs. Type-2 NUFFT,#807dba,0.9491267767221557
phantom,stepwise,Step-wise,medium,5,SSIM,Type-1 NUFFT vs. Type-2 NUFFT,#807dba,0.9534320923645987
phantom,stepwise,Step-wise,medium,6,SSIM,Type-1 NUFFT vs. Type-2 NUFFT,#807dba,0.9736596892464454
phantom,stepwise,Step-wise,medium,7,SSIM,Type-1 NUFFT vs. Type-2 NUFFT,#807dba,0.9402151438517568
phantom,stepwise,Step-wise,medium,8,SSIM,Type-1 NUFFT vs. Type-2 NUFFT,#807dba,0.9619753804509741
phantom,stepwise,Step-wise,medium,9,SSIM,Type-1 NUFFT vs. Type-2 NUFFT,#807dba,0.9546109881329764
phantom,stepwise,Step-wise,medium,10,SSIM,Type-1 NUFFT vs. Type-2 NUFFT,#807dba,0.9358034067070048
phantom,stepwise,Step-wise,medium,11,SSIM,Type-1 NUFFT vs. Type-2 NUFFT,#807dba,0.9570412611865795
phantom,stepwise,Step-wise,medium,12,SSIM,Type-1 NUFFT vs. Type-2 NUFFT,#807dba,0.9303538179535839
phantom,stepwise,Step-wise,medium,13,SSIM,Type-1 NUFFT vs. Type-2 NUFFT,#807dba,0.9531905153947032
phantom,stepwise,Step-wise,medium,14,SSIM,Type-1 NUFFT vs. Type-2 NUFFT,#807dba,0.961191747677756
phantom,stepwise,Step-wise,medium,15,SSIM,Type-1 NUFFT vs. Type-2 NUFFT,#807dba,0.9748981966575204
phantom,stepwise,Step-wise,medium,16,SSIM,Type-1 NUFFT vs. Type-2 NUFFT,#807dba,0.9115618659813561
phantom,stepwise,Step-wise,medium,17,SSIM,Type-1 NUFFT vs. Type-2 NUFFT,#807dba,0.9454583428536752
phantom,stepwise,Step-wise,medium,18,SSIM,Type-1 NUFFT vs. Type-2 NUFFT,#807dba,0.9497010755360222
phantom,stepwise,Step-wise,medium,19,SSIM,Type-1 NUFFT vs. Type-2 NUFFT,#807dba,0.9394310210032982
phantom,stepwise,Step-wise,medium,20,SSIM,Type-1 NUFFT vs. Type-2 NUFFT,#807dba,0.9409711744624762
phantom,stepwise,Step-wise,medium,1,RMSD,Type-2 NUFFT vs. Image-based,#CC6677,0.02413240350650407
phantom,stepwise,Step-wise,medium,2,RMSD,Type-2 NUFFT vs. Image-based,#CC6677,0.024436338921085675
phantom,stepwise,Step-wise,medium,3,RMSD,Type-2 NUFFT vs. Image-based,#CC6677,0.024836874831113867
phantom,stepwise,Step-wise,medium,4,RMSD,Type-2 NUFFT vs. Image-based,#CC6677,0.025309089499105784
phantom,stepwise,Step-wise,medium,5,RMSD,Type-2 NUFFT vs. Image-based,#CC6677,0.02501406224889575
phantom,stepwise,Step-wise,medium,6,RMSD,Type-2 NUFFT vs. Image-based,#CC6677,0.024580759309849105
phantom,stepwise,Step-wise,medium,7,RMSD,Type-2 NUFFT vs. Image-based,#CC6677,0.027152106811958166
phantom,stepwise,Step-wise,medium,8,RMSD,Type-2 NUFFT vs. Image-based,#CC6677,0.025229655281765472
phantom,stepwise,Step-wise,medium,9,RMSD,Type-2 NUFFT vs. Image-based,#CC6677,0.024273998468859845
phantom,stepwise,Step-wise,medium,10,RMSD,Type-2 NUFFT vs. Image-based,#CC6677,0.02497332141403815
phantom,stepwise,Step-wise,medium,11,RMSD,Type-2 NUFFT vs. Image-based,#CC6677,0.0252789242640255
phantom,stepwise,Step-wise,medium,12,RMSD,Type-2 NUFFT vs. Image-based,#CC6677,0.023309795590032305
phantom,stepwise,Step-wise,medium,13,RMSD,Type-2 NUFFT vs. Image-based,#CC6677,0.02570972187923615
phantom,stepwise,Step-wise,medium,14,RMSD,Type-2 NUFFT vs. Image-based,#CC6677,0.0246872045917349
phantom,stepwise,Step-wise,medium,15,RMSD,Type-2 NUFFT vs. Image-based,#CC6677,0.02724798282230127
phantom,stepwise,Step-wise,medium,16,RMSD,Type-2 NUFFT vs. Image-based,#CC6677,0.02480838467494727
phantom,stepwise,Step-wise,medium,17,RMSD,Type-2 NUFFT vs. Image-based,#CC6677,0.02653914739207741
phantom,stepwise,Step-wise,medium,18,RMSD,Type-2 NUFFT vs. Image-based,#CC6677,0.02546569421414455
phantom,stepwise,Step-wise,medium,19,RMSD,Type-2 NUFFT vs. Image-based,#CC6677,0.022769272420701973
phantom,stepwise,Step-wise,medium,20,RMSD,Type-2 NUFFT vs. Image-based,#CC6677,0.02421855928911349
phantom,stepwise,Step-wise,medium,1,RMSD,Type-1 NUFFT vs. Image-based,#DDCC77,0.02924473142379615
phantom,stepwise,Step-wise,medium,2,RMSD,Type-1 NUFFT vs. Image-based,#DDCC77,0.02986695547682716
phantom,stepwise,Step-wise,medium,3,RMSD,Type-1 NUFFT vs. Image-based,#DDCC77,0.036154203544763425
phantom,stepwise,Step-wise,medium,4,RMSD,Type-1 NUFFT vs. Image-based,#DDCC77,0.03027560488507058
phantom,stepwise,Step-wise,medium,5,RMSD,Type-1 NUFFT vs. Image-based,#DDCC77,0.030333371800207613
phantom,stepwise,Step-wise,medium,6,RMSD,Type-1 NUFFT vs. Image-based,#DDCC77,0.027289195825570958
phantom,stepwise,Step-wise,medium,7,RMSD,Type-1 NUFFT vs. Image-based,#DDCC77,0.034168070545911304
phantom,stepwise,Step-wise,medium,8,RMSD,Type-1 NUFFT vs. Image-based,#DDCC77,0.02832063446362076
phantom,stepwise,Step-wise,medium,9,RMSD,Type-1 NUFFT vs. Image-based,#DDCC77,0.028420209882387446
phantom,stepwise,Step-wise,medium,10,RMSD,Type-1 NUFFT vs. Image-based,#DDCC77,0.031740436611158065
phantom,stepwise,Step-wise,medium,11,RMSD,Type-1 NUFFT vs. Image-based,#DDCC77,0.02930064137533768
phantom,stepwise,Step-wise,medium,12,RMSD,Type-1 NUFFT vs. Image-based,#DDCC77,0.03145162138304684
phantom,stepwise,Step-wise,medium,13,RMSD,Type-1 NUFFT vs. Image-based,#DDCC77,0.030672731972165777
phantom,stepwise,Step-wise,medium,14,RMSD,Type-1 NUFFT vs. Image-based,#DDCC77,0.028771676813330392
phantom,stepwise,Step-wise,medium,15,RMSD,Type-1 NUFFT vs. Image-based,#DDCC77,0.029432454837976515
phantom,stepwise,Step-wise,medium,16,RMSD,Type-1 NUFFT vs. Image-based,#DDCC77,0.03719137212243971
phantom,stepwise,Step-wise,medium,17,RMSD,Type-1 NUFFT vs. Image-based,#DDCC77,0.03127562885845224
phantom,stepwise,Step-wise,medium,18,RMSD,Type-1 NUFFT vs. Image-based,#DDCC77,0.029631455812264233
phantom,stepwise,Step-wise,medium,19,RMSD,Type-1 NUFFT vs. Image-based,#DDCC77,0.032317980155571704
phantom,stepwise,Step-wise,medium,20,RMSD,Type-1 NUFFT vs. Image-based,#DDCC77,0.031576780158739576
phantom,stepwise,Step-wise,medium,1,RMSD,Type-1 NUFFT vs. Type-2 NUFFT,#807dba,0.019537164374593633
phantom,stepwise,Step-wise,medium,2,RMSD,Type-1 NUFFT vs. Type-2 NUFFT,#807dba,0.021111061325684737
phantom,stepwise,Step-wise,medium,3,RMSD,Type-1 NUFFT vs. Type-2 NUFFT,#807dba,0.028288468964310615
phantom,stepwise,Step-wise,medium,4,RMSD,Type-1 NUFFT vs. Type-2 NUFFT,#807dba,0.019447551359335055
phantom,stepwise,Step-wise,medium,5,RMSD,Type-1 NUFFT vs. Type-2 NUFFT,#807dba,0.020324617460249234
phantom,stepwise,Step-wise,medium,6,RMSD,Type-1 NUFFT vs. Type-2 NUFFT,#807dba,0.014577569912800428
phantom,stepwise,Step-wise,medium,7,RMSD,Type-1 NUFFT vs. Type-2 NUFFT,#807dba,0.02318448149696487
phantom,stepwise,Step-wise,medium,8,RMSD,Type-1 NUFFT vs. Type-2 NUFFT,#807dba,0.015528758665141652
phantom,stepwise,Step-wise,medium,9,RMSD,Type-1 NUFFT vs. Type-2 NUFFT,#807dba,0.01773577668867714
phantom,stepwise,Step-wise,medium,10,RMSD,Type-1 NUFFT vs. Type-2 NUFFT,#807dba,0.02189333063777922
phantom,stepwise,Step-wise,medium,11,RMSD,Type-1 NUFFT vs. Type-2 NUFFT,#807dba,0.01728851382157104
phantom,stepwise,Step-wise,medium,12,RMSD,Type-1 NUFFT vs. Type-2 NUFFT,#807dba,0.023924779299959977
phantom,stepwise,Step-wise,medium,13,RMSD,Type-1 NUFFT vs. Type-2 NUFFT,#807dba,0.020026258620322094
phantom,stepwise,Step-wise,medium,14,RMSD,Type-1 NUFFT vs. Type-2 NUFFT,#807dba,0.01791083591839175
phantom,stepwise,Step-wise,medium,15,RMSD,Type-1 NUFFT vs. Type-2 NUFFT,#807dba,0.014143067588378598
phantom,stepwise,Step-wise,medium,16,RMSD,Type-1 NUFFT vs. Type-2 NUFFT,#807dba,0.029070761330179155
phantom,stepwise,Step-wise,medium,17,RMSD,Type-1 NUFFT vs. Type-2 NUFFT,#807dba,0.018273200119810377
phantom,stepwise,Step-wise,medium,18,RMSD,Type-1 NUFFT vs. Type-2 NUFFT,#807dba,0.020354331337466926
phantom,stepwise,Step-wise,medium,19,RMSD,Type-1 NUFFT vs. Type-2 NUFFT,#807dba,0.026360533835258423
phantom,stepwise,Step-wise,medium,20,RMSD,Type-1 NUFFT vs. Type-2 NUFFT,#807dba,0.023293569688412678
phantom,stepwise,Step-wise,high,1,SSIM,Type-2 NUFFT vs. Image-based,#CC6677,0.9720042711675896
phantom,stepwise,Step-wise,high,2,SSIM,Type-2 NUFFT vs. Image-based,#CC6677,0.9723613592846221
phantom,stepwise,Step-wise,high,3,SSIM,Type-2 NUFFT vs. Image-based,#CC6677,0.9741347212384456
phantom,stepwise,Step-wise,high,4,SSIM,Type-2 NUFFT vs. Image-based,#CC6677,0.9762402961834183
phantom,stepwise,Step-wise,high,5,SSIM,Type-2 NUFFT vs. Image-based,#CC6677,0.9681021430831488
phantom,stepwise,Step-wise,high,6,SSIM,Type-2 NUFFT vs. Image-based,#CC6677,0.9733791150427853
phantom,stepwise,Step-wise,high,7,SSIM,Type-2 NUFFT vs. Image-based,#CC6677,0.9685355074174917
phantom,stepwise,Step-wise,high,8,SSIM,Type-2 NUFFT vs. Image-based,#CC6677,0.9734042962013525
phantom,stepwise,Step-wise,high,9,SSIM,Type-2 NUFFT vs. Image-based,#CC6677,0.9470947855669045
phantom,stepwise,Step-wise,high,10,SSIM,Type-2 NUFFT vs. Image-based,#CC6677,0.9710969097594394
phantom,stepwise,Step-wise,high,11,SSIM,Type-2 NUFFT vs. Image-based,#CC6677,0.9754315053268852
phantom,stepwise,Step-wise,high,12,SSIM,Type-2 NUFFT vs. Image-based,#CC6677,0.9723347208136123
phantom,stepwise,Step-wise,high,13,SSIM,Type-2 NUFFT vs. Image-based,#CC6677,0.9739743800770425
phantom,stepwise,Step-wise,high,14,SSIM,Type-2 NUFFT vs. Image-based,#CC6677,0.9765368832539852
phantom,stepwise,Step-wise,high,15,SSIM,Type-2 NUFFT vs. Image-based,#CC6677,0.9780688106732732
phantom,stepwise,Step-wise,high,16,SSIM,Type-2 NUFFT vs. Image-based,#CC6677,0.9607992155240022
phantom,stepwise,Step-wise,high,17,SSIM,Type-2 NUFFT vs. Image-based,#CC6677,0.964663483157293
phantom,stepwise,Step-wise,high,18,SSIM,Type-2 NUFFT vs. Image-based,#CC6677,0.9766816097067403
phantom,stepwise,Step-wise,high,19,SSIM,Type-2 NUFFT vs. Image-based,#CC6677,0.975483276746137
phantom,stepwise,Step-wise,high,20,SSIM,Type-2 NUFFT vs. Image-based,#CC6677,0.9815447225719643
phantom,stepwise,Step-wise,high,1,SSIM,Type-1 NUFFT vs. Image-based,#DDCC77,0.913972850749378
phantom,stepwise,Step-wise,high,2,SSIM,Type-1 NUFFT vs. Image-based,#DDCC77,0.9314543011216608
phantom,stepwise,Step-wise,high,3,SSIM,Type-1 NUFFT vs. Image-based,#DDCC77,0.8810274149594206
phantom,stepwise,Step-wise,high,4,SSIM,Type-1 NUFFT vs. Image-based,#DDCC77,0.9232067284408303
phantom,stepwise,Step-wise,high,5,SSIM,Type-1 NUFFT vs. Image-based,#DDCC77,0.9451322746357461
phantom,stepwise,Step-wise,high,6,SSIM,Type-1 NUFFT vs. Image-based,#DDCC77,0.9387606643144243
phantom,stepwise,Step-wise,high,7,SSIM,Type-1 NUFFT vs. Image-based,#DDCC77,0.8982059367979875
phantom,stepwise,Step-wise,high,8,SSIM,Type-1 NUFFT vs. Image-based,#DDCC77,0.8997343063238621
phantom,stepwise,Step-wise,high,9,SSIM,Type-1 NUFFT vs. Image-based,#DDCC77,0.86730699218471
phantom,stepwise,Step-wise,high,10,SSIM,Type-1 NUFFT vs. Image-based,#DDCC77,0.9405189885516356
phantom,stepwise,Step-wise,high,11,SSIM,Type-1 NUFFT vs. Image-based,#DDCC77,0.9391054835952611
phantom,stepwise,Step-wise,high,12,SSIM,Type-1 NUFFT vs. Image-based,#DDCC77,0.9074430432083676
phantom,stepwise,Step-wise,high,13,SSIM,Type-1 NUFFT vs. Image-based,#DDCC77,0.934266446426919
phantom,stepwise,Step-wise,high,14,SSIM,Type-1 NUFFT vs. Image-based,#DDCC77,0.9189294542925797
phantom,stepwise,Step-wise,high,15,SSIM,Type-1 NUFFT vs. Image-based,#DDCC77,0.9284445998339264
phantom,stepwise,Step-wise,high,16,SSIM,Type-1 NUFFT vs. Image-based,#DDCC77,0.928376612612793
phantom,stepwise,Step-wise,high,17,SSIM,Type-1 NUFFT vs. Image-based,#DDCC77,0.930758435836747
phantom,stepwise,Step-wise,high,18,SSIM,Type-1 NUFFT vs. Image-based,#DDCC77,0.9020706290967521
phantom,stepwise,Step-wise,high,19,SSIM,Type-1 NUFFT vs. Image-based,#DDCC77,0.9028369766069324
phantom,stepwise,Step-wise,high,20,SSIM,Type-1 NUFFT vs. Image-based,#DDCC77,0.902415452172479
phantom,stepwise,Step-wise,high,1,SSIM,Type-1 NUFFT vs. Type-2 NUFFT,#807dba,0.9169415599727244
phantom,stepwise,Step-wise,high,2,SSIM,Type-1 NUFFT vs. Type-2 NUFFT,#807dba,0.9377376385360412
phantom,stepwise,Step-wise,high,3,SSIM,Type-1 NUFFT vs. Type-2 NUFFT,#807dba,0.8897086708551879
phantom,stepwise,Step-wise,high,4,SSIM,Type-1 NUFFT vs. Type-2 NUFFT,#807dba,0.9301505096328947
phantom,stepwise,Step-wise,high,5,SSIM,Type-1 NUFFT vs. Type-2 NUFFT,#807dba,0.9565729078001386
phantom,stepwise,Step-wise,high,6,SSIM,Type-1 NUFFT vs. Type-2 NUFFT,#807dba,0.9417910760151326
phantom,stepwise,Step-wise,high,7,SSIM,Type-1 NUFFT vs. Type-2 NUFFT,#807dba,0.9070615336350608
phantom,stepwise,Step-wise,high,8,SSIM,Type-1 NUFFT vs. Type-2 NUFFT,#807dba,0.9044677700312884
phantom,stepwise,Step-wise,high,9,SSIM,Type-1 NUFFT vs. Type-2 NUFFT,#807dba,0.8834298153469952
phantom,stepwise,Step-wise,high,10,SSIM,Type-1 NUFFT vs. Type-2 NUFFT,#807dba,0.9489645727070134
phantom,stepwise,Step-wise,high,11,SSIM,Type-1 NUFFT vs. Type-2 NUFFT,#807dba,0.9461318143415847
phantom,stepwise,Step-wise,high,12,SSIM,Type-1 NUFFT vs. Type-2 NUFFT,#807dba,0.9081727420190328
phantom,stepwise,Step-wise,high,13,SSIM,Type-1 NUFFT vs. Type-2 NUFFT,#807dba,0.9454340782670201
phantom,stepwise,Step-wise,high,14,SSIM,Type-1 NUFFT vs. Type-2 NUFFT,#807dba,0.9224870934035702
phantom,stepwise,Step-wise,high,15,SSIM,Type-1 NUFFT vs. Type-2 NUFFT,#807dba,0.9347430692745278
phantom,stepwise,Step-wise,high,16,SSIM,Type-1 NUFFT vs. Type-2 NUFFT,#807dba,0.9394349887068416
phantom,stepwise,Step-wise,high,17,SSIM,Type-1 NUFFT vs. Type-2 NUFFT,#807dba,0.9370057038713449
phantom,stepwise,Step-wise,high,18,SSIM,Type-1 NUFFT vs. Type-2 NUFFT,#807dba,0.914540329251196
phantom,stepwise,Step-wise,high,19,SSIM,Type-1 NUFFT vs. Type-2 NUFFT,#807dba,0.9055249112201248
phantom,stepwise,Step-wise,high,20,SSIM,Type-1 NUFFT vs. Type-2 NUFFT,#807dba,0.902869621893681
phantom,stepwise,Step-wise,high,1,RMSD,Type-2 NUFFT vs. Image-based,#CC6677,0.026791449841394133
phantom,stepwise,Step-wise,high,2,RMSD,Type-2 NUFFT vs. Image-based,#CC6677,0.027797443887209602
phantom,stepwise,Step-wise,high,3,RMSD,Type-2 NUFFT vs. Image-based,#CC6677,0.02618864901462466
phantom,stepwise,Step-wise,high,4,RMSD,Type-2 NUFFT vs. Image-based,#CC6677,0.024775528348681634
phantom,stepwise,Step-wise,high,5,RMSD,Type-2 NUFFT vs. Image-based,#CC6677,0.029362651469604293
phantom,stepwise,Step-wise,high,6,RMSD,Type-2 NUFFT vs. Image-based,#CC6677,0.0236394477974294
phantom,stepwise,Step-wise,high,7,RMSD,Type-2 NUFFT vs. Image-based,#CC6677,0.025713636698706244
phantom,stepwise,Step-wise,high,8,RMSD,Type-2 NUFFT vs. Image-based,#CC6677,0.0267526099322334
phantom,stepwise,Step-wise,high,9,RMSD,Type-2 NUFFT vs. Image-based,#CC6677,0.03034176610436912
phantom,stepwise,Step-wise,high,10,RMSD,Type-2 NUFFT vs. Image-based,#CC6677,0.027667321689449742
phantom,stepwise,Step-wise,high,11,RMSD,Type-2 NUFFT vs. Image-based,#CC6677,0.025809447983069774
phantom,stepwise,Step-wise,high,12,RMSD,Type-2 NUFFT vs. Image-based,#CC6677,0.02540956828914557
phantom,stepwise,Step-wise,high,13,RMSD,Type-2 NUFFT vs. Image-based,#CC6677,0.026077909082010478
phantom,stepwise,Step-wise,high,14,RMSD,Type-2 NUFFT vs. Image-based,#CC6677,0.023658463914084868
phantom,stepwise,Step-wise,high,15,RMSD,Type-2 NUFFT vs. Image-based,#CC6677,0.0252968433805838
phantom,stepwise,Step-wise,high,16,RMSD,Type-2 NUFFT vs. Image-based,#CC6677,0.02802175690772156
phantom,stepwise,Step-wise,high,17,RMSD,Type-2 NUFFT vs. Image-based,#CC6677,0.02840382575649481
phantom,stepwise,Step-wise,high,18,RMSD,Type-2 NUFFT vs. Image-based,#CC6677,0.025364314856395058
phantom,stepwise,Step-wise,high,19,RMSD,Type-2 NUFFT vs. Image-based,#CC6677,0.02545364895557255
phantom,stepwise,Step-wise,high,20,RMSD,Type-2 NUFFT vs. Image-based,#CC6677,0.02354809980814781
phantom,stepwise,Step-wise,high,1,RMSD,Type-1 NUFFT vs. Image-based,#DDCC77,0.03878965806642364
phantom,stepwise,Step-wise,high,2,RMSD,Type-1 NUFFT vs. Image-based,#DDCC77,0.03412542806979138
phantom,stepwise,Step-wise,high,3,RMSD,Type-1 NUFFT vs. Image-based,#DDCC77,0.04285777472588259
phantom,stepwise,Step-wise,high,4,RMSD,Type-1 NUFFT vs. Image-based,#DDCC77,0.03881469121000226
phantom,stepwise,Step-wise,high,5,RMSD,Type-1 NUFFT vs. Image-based,#DDCC77,0.03310560214363816
phantom,stepwise,Step-wise,high,6,RMSD,Type-1 NUFFT vs. Image-based,#DDCC77,0.029037058787749037
phantom,stepwise,Step-wise,high,7,RMSD,Type-1 NUFFT vs. Image-based,#DDCC77,0.037810824028910776
phantom,stepwise,Step-wise,high,8,RMSD,Type-1 NUFFT vs. Image-based,#DDCC77,0.04108880922461005
phantom,stepwise,Step-wise,high,9,RMSD,Type-1 NUFFT vs. Image-based,#DDCC77,0.04756821496256197
phantom,stepwise,Step-wise,high,10,RMSD,Type-1 NUFFT vs. Image-based,#DDCC77,0.03298345326771565
phantom,stepwise,Step-wise,high,11,RMSD,Type-1 NUFFT vs. Image-based,#DDCC77,0.03230833790029405
phantom,stepwise,Step-wise,high,12,RMSD,Type-1 NUFFT vs. Image-based,#DDCC77,0.04164323732955561
phantom,stepwise,Step-wise,high,13,RMSD,Type-1 NUFFT vs. Image-based,#DDCC77,0.032067657895189526
phantom,stepwise,Step-wise,high,14,RMSD,Type-1 NUFFT vs. Image-based,#DDCC77,0.03325269099976335
phantom,stepwise,Step-wise,high,15,RMSD,Type-1 NUFFT vs. Image-based,#DDCC77,0.03318394486841599
phantom,stepwise,Step-wise,high,16,RMSD,Type-1 NUFFT vs. Image-based,#DDCC77,0.035698529439889
phantom,stepwise,Step-wise,high,17,RMSD,Type-1 NUFFT vs. Image-based,#DDCC77,0.041861464118687935
phantom,stepwise,Step-wise,high,18,RMSD,Type-1 NUFFT vs. Image-based,#DDCC77,0.03694814875879619
phantom,stepwise,Step-wise,high,19,RMSD,Type-1 NUFFT vs. Image-based,#DDCC77,0.043318479199050824
phantom,stepwise,Step-wise,high,20,RMSD,Type-1 NUFFT vs. Image-based,#DDCC77,0.03756657094143094
phantom,stepwise,Step-wise,high,1,RMSD,Type-1 NUFFT vs. Type-2 NUFFT,#807dba,0.032988448527235086
phantom,stepwise,Step-wise,high,2,RMSD,Type-1 NUFFT vs. Type-2 NUFFT,#807dba,0.025064057756857657
phantom,stepwise,Step-wise,high,3,RMSD,Type-1 NUFFT vs. Type-2 NUFFT,#807dba,0.03804927093579476
phantom,stepwise,Step-wise,high,4,RMSD,Type-1 NUFFT vs. Type-2 NUFFT,#807dba,0.0338608603186964
phantom,stepwise,Step-wise,high,5,RMSD,Type-1 NUFFT vs. Type-2 NUFFT,#807dba,0.020069866462234416
phantom,stepwise,Step-wise,high,6,RMSD,Type-1 NUFFT vs. Type-2 NUFFT,#807dba,0.02186576485137858
phantom,stepwise,Step-wise,high,7,RMSD,Type-1 NUFFT vs. Type-2 NUFFT,#807dba,0.03196917775407919
phantom,stepwise,Step-wise,high,8,RMSD,Type-1 NUFFT vs. Type-2 NUFFT,#807dba,0.035718138941086476
phantom,stepwise,Step-wise,high,9,RMSD,Type-1 NUFFT vs. Type-2 NUFFT,#807dba,0.04132780226042616
phantom,stepwise,Step-wise,high,10,RMSD,Type-1 NUFFT vs. Type-2 NUFFT,#807dba,0.02340423418947466
phantom,stepwise,Step-wise,high,11,RMSD,Type-1 NUFFT vs. Type-2 NUFFT,#807dba,0.023831976036551416
phantom,stepwise,Step-wise,high,12,RMSD,Type-1 NUFFT vs. Type-2 NUFFT,#807dba,0.03859892317919275
phantom,stepwise,Step-wise,high,13,RMSD,Type-1 NUFFT vs. Type-2 NUFFT,#807dba,0.02370994782851971
phantom,stepwise,Step-wise,high,14,RMSD,Type-1 NUFFT vs. Type-2 NUFFT,#807dba,0.02739519445255021
phantom,stepwise,Step-wise,high,15,RMSD,Type-1 NUFFT vs. Type-2 NUFFT,#807dba,0.02465204065606739
phantom,stepwise,Step-wise,high,16,RMSD,Type-1 NUFFT vs. Type-2 NUFFT,#807dba,0.027804586904481832
phantom,stepwise,Step-wise,high,17,RMSD,Type-1 NUFFT vs. Type-2 NUFFT,#807dba,0.035469295717079144
phantom,stepwise,Step-wise,high,18,RMSD,Type-1 NUFFT vs. Type-2 NUFFT,#807dba,0.029386264251450932
phantom,stepwise,Step-wise,high,19,RMSD,Type-1 NUFFT vs. Type-2 NUFFT,#807dba,0.03943662154794269
phantom,stepwise,Step-wise,high,20,RMSD,Type-1 NUFFT vs. Type-2 NUFFT,#807dba,0.03346425483941056
